"real1","real2","real3","real4","real5","bogus1","bogus2","bogus3","bogus4","bogus5","bogus6","bogus7","bogus8","bogus9","bogus10","bogus11","bogus12","bogus13","bogus14","bogus15","bogus16","bogus17","bogus18","bogus19","bogus20","bogus21","bogus22","bogus23","bogus24","bogus25","bogus26","bogus27","bogus28","bogus29","bogus30","bogus31","bogus32","bogus33","bogus34","bogus35","bogus36","bogus37","bogus38","bogus39","bogus40","bogus41","bogus42","bogus43","bogus44","bogus45","output"
-0.943022305288506,0.504944218856547,-0.600934622325224,0.58892357064163,0.506007195876249,0.0732641742124231,1.05787944667228,1.50537641368139,1.18009125435475,1.13664009729859,-0.130905394888397,-0.645058271053328,-1.00792461245601,-1.46516328707073,1.1122384214662,0.399316110210887,-1.66886496043225,0.59605621782134,1.41465588412099,0.820944563295397,0.442588270543238,1.4508026074237,0.54705784995824,-0.465632009448046,-0.706189636878537,-1.26915762099556,0.966055077745199,-0.437668182194858,-0.403089972995609,-1.84755326225105,0.908489367155795,-0.450629077694237,-1.97727145786611,0.638575358815268,0.515644125952631,0.18916263724815,-0.229562995873462,-0.492857358393442,-1.02295136407771,0.499091129695757,1.70539826386109,0.991992619044791,-0.670674692202107,0.350939720169952,-1.15135670979412,0.470138168293767,-1.28454103985557,-0.510516885892007,-0.929172919447213,1.66131864340553,"Class1"
-0.544586928535279,-0.604358245557343,-0.776231201002916,-1.408205811285,-1.05127718723018,0.553296854780198,1.46878002058046,1.40526061752703,-1.42424170118688,0.924277922193541,1.57471122705799,1.79651410306311,-1.68708716254343,0.180370143163677,1.08986973221955,-0.994508248761901,1.55851357629233,1.72574672908075,0.0972965174918235,-0.856164731113634,0.108879311153062,-0.204326433416775,0.421903744492513,0.345881284416574,-1.68916835539857,-0.0915545469655271,0.857156802288167,0.0882943171421373,0.893266655622753,-0.567289247531211,0.748528859883538,1.75051153272085,-0.135557633116185,-0.107355859624466,0.211263192824197,0.0423063509960118,0.684054861432241,-0.707867194365616,-0.399410274650732,0.355166361970388,-0.660175577869894,-1.28058862864427,-0.223919584356886,0.170197559865553,0.797973489739849,0.488252854567228,0.957718983844869,1.00224535328855,0.477045895580406,-0.545138009993719,"Class2"
0.205565883861145,-0.909480053007677,0.293392641874597,-0.0359526038049831,1.47724175166148,0.445126287645493,-1.33439585034135,0.883697017917918,1.53494997277625,-0.688483340836394,0.673448687643741,-0.0822505722704924,0.905218327913374,0.246829068792873,-0.835634678858891,1.66473066499465,-1.94688016473865,-0.911510893842049,-0.347101312900335,0.862072953025078,-0.783265138081962,-1.89934295844562,-0.264796658626177,1.16075173551477,1.67117250931368,1.93911112923651,-0.681160592830751,-0.785604962589076,0.0478744527887823,-0.334862565720812,0.0132373167611159,0.384697577610149,0.6311485570151,0.0208871214968692,0.996844444930996,0.810154970707077,-0.297808382334783,0.30574255684084,-0.208457677735352,-0.652263147929179,-1.47400951964054,-0.233940917039261,-0.56443034694735,1.0179165523215,0.599008522611023,-1.07073639470326,-1.94717302481475,-1.11496984849204,-0.410495261287032,-1.29242826519509,"Class1"
1.45883016126087,1.74828374085664,-0.595760042386549,-0.143059756249358,1.29144328648486,0.464045672974046,0.826713769093529,0.625400829518162,0.821227295023351,-0.964697514599547,0.686293971903554,-0.0130066581082635,-0.0201578716744065,-1.06445817546492,0.214670872014276,-0.0976617557661097,-2.17805925935757,-1.19633102518515,-0.813922466078272,-0.870992825406082,0.441185131025312,1.93605715504522,1.29486142479726,0.206788751509692,0.627166571940237,1.242832088822,-2.6817812964683,-1.2931007358279,1.35475337424083,1.36933765332866,-0.0435591489747791,-0.259937686968292,-1.50002833284865,-1.26899828226596,-0.816418522916688,-0.243049326362424,1.22260679714753,-0.62444695446136,1.21877426543193,-0.600898302989258,1.48397696578711,-0.464285348109079,0.10149470186355,1.05349440821252,-1.37415143958304,-0.285929561599006,-1.42643633450688,0.745034767417095,0.578808734233771,-0.388368446933195,"Class1"
-1.18155132692893,0.426837600367909,-0.910680433760178,-0.440928772359436,1.4421357689821,-0.220067555932021,1.63697901530619,0.526149140136083,-0.669666489850225,-0.841965127824101,0.0582016119810782,-1.02406880351711,-0.560205230332493,0.613274908757624,0.0774127540632268,0.340190773208747,0.422026621814084,2.01706418523084,-0.630089136550608,0.527068797607758,-0.0825099688477899,-0.843680791940955,-0.390052457580215,0.15887385804948,0.0815361674583583,0.11658883742995,-0.534929212614888,0.415336556386221,0.481265621020116,-0.475703872833556,1.55105273852922,-1.16772233044813,0.586388818513765,0.429226840505284,-1.50639464072013,-0.161468854836937,1.83855682759112,-1.26495560392901,0.56825553827651,0.28970214139604,0.751903233961806,0.362370037291111,-0.737938693432485,0.43112815181872,-2.07024879853601,0.28832840505216,0.35776355345334,0.0174841698805656,-0.895153449971713,-1.87171905064209,"Class1"
1.42213859161208,-1.11937173172757,0.299775915287175,1.68395351482665,0.719031395231658,1.56010098032699,1.63387593068354,-1.47160610932571,0.606358711762276,-1.37662737544949,-0.867064273322463,-1.22517419763732,-0.172759966416688,-0.983083327527296,-1.60465885616308,0.564563841764707,0.616581773808727,0.461684152179119,-0.956021376472592,-0.153962050644143,1.0237191930279,-0.354756768281944,1.7860025060486,-2.41429078947193,0.795230978774934,-0.643586208823955,1.35269471644694,1.29603829154494,0.086024038947509,1.51972071062755,-2.60080108506999,-0.417327747675651,-1.01240377525048,-1.7827676433009,0.683276109719493,0.930982050980619,-0.657651435733472,-0.913292463380229,-0.0626375944631075,-0.736551641708993,-0.797514177687154,-1.06494298919819,1.23347268121012,1.32154900634266,0.619298972497047,-1.14217964856575,0.061896224491359,-1.11462621974503,-0.540632667514926,0.670382085205643,"Class1"
1.59511399889198,-1.42779967130135,0.458368568081115,-1.12704393712717,-0.442285937820121,-0.470780256666502,-0.605543150426031,-0.254004452446054,-0.433665598034282,-1.38338486137994,-1.20004112284093,-1.38832507266972,-0.400656133533353,0.621094848185292,0.797464959774407,-0.853940095607057,-0.406691408167404,-0.868213112642444,0.281221767365708,0.860359698173779,0.399047060278397,0.156368744479416,-1.25415453624475,-1.07717844450827,0.185294025552606,1.80689839572288,-0.153857952351997,0.0637784872070877,1.68291925628048,-1.3112837617311,0.0975674903911891,0.642555028314546,0.177757397552935,0.118693636095535,1.43695175364926,-0.0619709562715273,-1.14786163993452,0.390571435091918,-0.686446966318951,0.499698681147887,-1.01588100902023,2.07373840797954,0.0339487165346645,0.745823793692589,-1.43714794312245,0.657002202540817,-0.0936296303331652,1.0118801619201,-1.11668536259584,1.71893915555133,"Class2"
0.534225960110908,-0.144780603784669,-1.09727249140418,1.07098757662171,0.907449869034947,1.13062138292794,-0.45010484688242,0.118827085000173,1.45919236065559,-1.09529321661171,-0.0220254562488412,-0.384783309676343,0.906483504502706,0.221617729784187,-1.84715155151427,-0.946518167333731,-0.416736780073158,-1.04360407076019,-1.48840071526508,1.27359260484628,0.794135222019731,-0.0270113594220594,1.11126823364004,0.783668429415244,-1.10857596261491,-0.263178941197045,-0.606743849441906,-0.191287449411995,0.441844523422877,-0.848581171241258,-0.500868116718374,0.115255015303342,-0.0600927748844599,0.302361445751307,-0.17135406870047,-1.35599470551211,1.1217490052494,1.69239870542425,0.531699955789865,0.426230392018002,0.0968210934953515,1.10225322739703,-0.759316123692769,0.626563212243783,1.66608859938406,0.203671937245005,0.760833787497818,-0.305618821677692,0.119418582892737,1.30108740419496,"Class1"
0.415819560419345,1.49587226344188,-0.640901729305836,-1.49932824589388,-1.62290918369922,0.798040495364882,1.54833629615617,1.55042777625335,-0.463125154942909,-1.34066304088848,2.03666362669756,1.24001460999322,0.659324695563805,0.674255602750915,-1.20076283298071,0.104827598497139,0.447431167489854,-0.439413638617207,-1.75580700654168,-0.0797983789452001,0.423739926587201,-1.21385191833272,-0.62062384104327,-1.26522654011822,-1.87968286819911,-0.86040034326816,-2.02008604439411,-0.420160663682656,0.606033902652579,-1.01748177561052,-1.90944251906883,-0.496975803697984,-1.13055585947572,1.22060040921055,1.50587625819636,-0.981798374735895,0.553727592796317,1.37453138825183,-0.0800413895370145,-0.533193117056501,0.749462523134086,-0.143059309701194,-0.79934981034693,-0.492963481341795,1.90226479161009,0.408520987860751,-0.474864366469778,-1.00375625862719,-1.86483719590486,1.96845194824324,"Class1"
-1.70436009289816,0.299059103176604,1.01498026941169,-0.353870612632173,1.43099915589412,-0.00397109821248969,-1.48089766867287,0.749332071493328,-1.43285349333921,-1.43892456862851,0.389775723807889,1.5980479270314,-1.59570903085215,-0.893572154960686,0.979375033978713,0.738165955038816,1.07216743136491,0.884832651374557,-0.717701430697124,0.598969292758317,0.506875784057487,-1.20699263919973,0.207685984711649,-0.031632037150989,-0.0628869223329694,-1.28408453625651,-0.572682108811002,1.31648082992871,-0.0222902762570995,-1.44515292265237,-0.805843574196507,-0.93406865962498,1.53238935377454,0.768579920355927,1.24033304670076,0.631936925177233,0.554992576287758,-1.10767487160331,-2.56068887737043,-0.232630297436087,-0.132350841831909,-1.11520071709442,-1.1574139405207,1.1193579855938,1.41765444846353,0.549250769911193,0.559060839256049,-1.6552170512067,0.177036096299028,-0.281278646558883,"Class2"
-1.16550914355445,1.68753183880682,1.88844982079567,-1.24851094959357,1.60664443908907,1.21867352170261,1.4902457532134,0.791965897247524,-0.415850480346331,0.126546790753961,0.336732600398456,1.42906049279983,0.315447866020043,0.0865455257904425,-0.515248194593828,0.22890713090959,-1.69994933113399,-0.410348770088567,0.969165264355301,-1.68223206744106,0.861038762261992,1.25934865776337,-0.194015365567038,0.362435502949856,-0.162225981065102,-0.580944485076915,-0.778806076095383,0.997274848844492,-0.205010231293344,-0.465875256525376,-0.224485443870969,-0.171376408532089,0.596445873332418,0.85786396506944,0.311146650337729,0.626084057120211,-1.03228948822627,0.0873627447918641,0.980338952316638,0.00506076447484052,0.0918006192403068,-0.72304515532667,-0.969594586959659,-0.437015431584257,-1.27549283506728,-0.812030484621374,-0.83059300992693,2.24519258888747,-0.752669791079957,0.803990483915169,"Class1"
-1.27544747436663,0.788475933896184,-1.20136792112679,-1.06853247816853,-0.484853612178558,-0.238392406374022,-0.621557425907684,-0.092137245803551,-0.309882981592522,0.99736116412211,0.492399815429591,1.18153577546294,0.658546422164977,-0.442624567220971,-0.200113616115785,0.869836773615952,0.984790349026057,1.75550236055566,0.0432819372201946,-0.230225202776567,-2.20649958718931,-0.526236035955337,-0.251989345239846,-0.260294962485383,-0.869451996579998,1.4664712297888,-0.575116502300278,1.30670327140888,-0.731235148984577,0.0716333545883742,-0.558682495093806,-1.19965456556579,2.5514623706161,-1.68622938961428,0.248656475784595,0.561851954829162,0.0338967570347452,1.81526499819831,0.502108503390097,2.04033427753303,0.232151080469982,0.0637964399257198,0.772072392019772,-0.924350198886223,-1.40766671765422,0.693346492930766,1.68060509261618,1.64250201443947,-0.786094517630171,-1.07928935243494,"Class2"
0.632232489782595,-0.591372864549314,1.17744964795495,1.16730347413859,0.797730217305926,-1.88143187794799,0.0490069457145625,-1.3081220213833,-0.405229769368029,0.68895745889359,-0.171745103627613,-0.216760197786571,0.604747474047623,-1.39641112063366,-1.56512190473061,0.493698333675456,-0.0431685106714106,0.483189259531289,-0.550973207330059,-1.12523135172138,0.617403198666021,0.777597801341289,-0.209485416084757,-0.730840535880771,0.530352716156741,0.937052502799269,0.126517776280046,0.512553511899869,-1.26200808692018,-0.615357151164026,0.954290771443986,2.43937284210736,0.596182914927202,1.37885512452083,-1.21542009408984,0.40505602022224,0.876141065095745,1.23499919087371,-0.416678276396141,-0.798060487801543,0.592726729979915,-2.2649157302711,-0.777929361757772,0.0976823063286367,-0.00686630558990924,0.542640936659028,1.11194459083422,-0.0942155845894935,-1.12292559630594,-0.224289641458641,"Class1"
-0.499816746663771,-0.316382962753457,1.84022073893739,0.748326154542006,0.946534130033287,0.694665956999898,0.0695785952709113,0.995670561613882,1.50010370600977,-1.36159311791936,-1.10948793485075,-1.11583321643197,-2.23675236032075,0.140898958876482,-1.39908149401297,0.707040091408394,-0.539632539745367,0.427610994026293,0.569813898395373,0.21110359515989,-1.26024548687602,1.52425586619598,0.739176458384922,-1.30803885297829,-0.164754289456065,0.456849735387129,-0.198367525323909,0.157611582045886,-0.259719375363562,0.206405194974181,0.642963471188507,1.40504247017419,-0.358822930040265,-0.457921271595216,1.80837033879611,0.978155822292285,-0.468012661229931,0.807132608297343,0.183744311988146,-0.593500967509507,-0.995888385506908,-0.409652273958981,-2.00573139464461,0.0732183623669061,0.180108612838872,1.53884487420921,0.993329941916865,1.79551785241846,0.351494611930963,0.0440322317929072,"Class1"
0.941736558395146,-1.35849108932594,1.37624115141645,-0.813559375929246,0.660423016681823,0.654653647783814,0.700766797844458,-0.203261790091692,-0.320579588622044,-1.52029717274561,2.66027506261404,-0.29897684927972,-0.225508480664386,1.67774207633598,0.350804602460385,-1.26842183353605,0.948296226678209,0.182649907908176,-0.413483763070906,0.00472231325727916,0.461681967983651,-0.586273528549268,-0.096765777047552,0.324790167812093,0.917741247383534,-1.53805431182929,1.31560269811299,0.387032709462882,-0.0229445259018381,1.32385249269542,-1.24304607102273,0.566205407546384,-0.177542061479575,2.32060738570736,0.164082515814372,-0.540295806846778,0.197199561009878,0.117650523246567,-0.723061003870129,1.65226184448161,2.40703820475158,1.23606759610973,0.723341380779149,-1.00515279025617,-0.125034639930125,-2.74432310182705,0.606129388753084,0.287337404212899,1.08617122038174,-0.765005195483514,"Class2"
-0.0752951037983244,-1.85564270014386,-0.454620875076351,-0.0276532060824844,-0.0956397220802745,-1.23959720577981,-0.407619489219975,-0.226554361515144,0.193176784210976,-0.135584701451217,-0.207345413524636,-2.19876301026129,1.80965288216778,-0.618250197994126,-0.159491598995587,0.840542209789176,0.646562474307951,-0.144185317353336,-0.185733412942371,-0.204242972681902,1.41969022671965,-0.524943646083937,1.15523002221067,-1.7302789594376,1.35958407749396,-0.296858393074985,-1.54309818240644,0.146835521068595,1.68098477698078,1.28541202132906,0.490181499760983,0.0389036619330737,-0.557670794543702,-0.672732724089522,-0.242831604875221,1.24029496436223,-2.30551426090606,1.06180556294155,2.05899827662384,-1.57469025972523,-1.1406023924615,1.27885256882307,0.560625363159071,-0.716750965649319,-0.0738071950135383,0.835155441195368,1.18884870509915,-1.19162630891785,-0.345595376078981,0.562247472963131,"Class2"
0.746572563115949,0.728779598805001,0.769752600224019,-1.44872412432595,-0.0337520197716417,0.402204564926296,-1.31535476965931,-1.63061898549287,1.39063740643062,-1.0644580733189,-0.0916159232358878,-0.286200223360946,0.722845728425809,-0.193288507974506,-0.564345288188666,-0.6467668518304,0.960174103656238,0.00633465214628841,-0.00471900179310012,-0.159955219409932,-0.355254631463853,-1.61631186577961,-0.0193767644003995,-0.800858663191492,-0.458530165392136,0.942557311854531,-1.47196601420539,-1.34073328735974,1.06652470629801,-1.73765250695254,0.740475097068242,-0.507837777511922,-1.22740736952124,-1.12798361484617,-0.756869246761456,-1.41103288460134,0.996750708239536,0.935007565970471,0.141257136705797,1.1274099031885,-1.16766005879003,-0.0616866691037787,1.11609535775386,-0.606243243303242,-0.574859047645465,-2.3546850129083,0.59423077457118,0.448948429579139,-1.10598301635663,0.0550038605667475,"Class1"
1.77162190395406,-1.52414451164621,1.85955421556465,-0.514528187548374,-0.64706525782135,0.0295996454428991,-0.642831021073692,-1.21678027466148,1.36389433624196,0.767648851284461,-1.47363917653822,1.51245962875591,-1.5797635758247,0.64957605256151,-1.28551864339693,-0.318176240806656,-0.494949538438699,1.54070702755168,0.97349457749062,0.91658162106829,-0.717539323036107,1.68729930356764,0.0379765255841341,-0.0308642108268794,-0.695750979322333,-0.335236457891015,-1.0710892287251,2.06638616233848,-0.386036778696126,0.535825615598608,-1.32863217130952,1.66190503104208,-2.03786921553853,0.577741197823979,-2.52095151690293,0.622844545562016,-1.43296102729606,-0.257981911344592,1.41695685682635,-1.59637244397789,-0.120961446298207,0.415905011623427,-0.336651422378897,-1.1886024308037,1.72486540957917,-1.24508511066161,0.633051686765889,-0.429390396781263,1.40271053306735,-0.129962100863461,"Class1"
-0.51502141941693,-0.261895244500597,1.86090742318656,1.60842849324928,0.624772494065462,-0.710178075735668,0.384809329484918,-0.257352522149739,-0.766105949912541,0.718951302930437,-0.0448065127306429,0.119108712936588,-1.5378588597656,0.0304135680426201,-1.05561997395046,0.0477328731317429,0.49484613412418,-1.35066400829364,1.16975033751436,-0.127549706843803,0.00922360426751134,-0.566788821215554,-0.176855994971026,-0.838715030315248,0.270528653351915,-0.670033027321938,0.00917323558013883,-1.28518432851988,0.835003036093383,-1.10208768370638,-0.337363997334666,-1.28196949579504,-0.0580427688821396,-0.0763412145727162,-0.401341407078841,-0.498826158905963,-1.61749570356667,-0.818829710371402,1.38521062744197,0.449406835246851,0.0143651389731947,-0.725992302680427,0.656805633283185,-0.0771588003233931,-0.578697666676999,-0.383951488343989,-2.30660483494767,0.917783337503245,-1.47698786851371,0.457225877920117,"Class1"
0.970152979385172,0.451147316487733,-0.340943671706596,0.419873399297654,1.04475611079492,0.372999302992866,-1.65769142785915,0.940195578847293,0.732696272356176,1.31071572814456,-0.044154881196497,0.998480392925215,0.441978517352053,1.83869413952154,1.9873773237125,-1.51678268207562,0.0493016217417762,1.45993054872854,1.16006491905964,1.76957370734189,1.69218677903744,-0.24578556612953,-0.527018761459146,-0.0794373155023425,1.48663501063995,-0.00265509507112792,2.23719814691561,0.847149733740915,-1.07603624502697,0.00360319197336716,1.65723167284259,0.831088264471683,1.34943529521091,1.07017812738924,-1.01676942784977,0.56736580666312,1.10471691900134,-0.347666103002844,-0.686659698829243,0.0112459010478824,0.284375578201382,-0.562599829693587,0.0749521284336346,-1.63741046268697,0.323056368124696,-0.394173522067276,-0.498966948681128,-0.456219254774092,-0.0518077640068788,0.404082688823735,"Class1"
1.55785463730409,1.74517340248728,-0.618994533150046,0.557548044161821,-0.230749211464213,1.05777054691679,1.19212215865959,-1.70962817415991,-0.43051047867624,-0.517171313083031,-0.0517475794740974,0.445717180036577,-0.169183487501271,0.695053476681166,-0.307050418960784,0.0531221036233907,-0.704568201245958,-0.205723086141867,0.867834581733204,-1.78084987145551,0.197812486282251,-1.08255470841041,0.0696703871428014,0.888741338784337,-1.51127728109209,-0.694826649652143,1.42409152914352,-1.37712890621761,0.064591793407262,0.242577517417785,0.449743985597067,0.147860834554053,0.295806759037148,-0.495367386902169,-0.0752868450803625,-0.228579939398308,0.571306135893184,-1.41558360351591,-0.664374699446961,-0.378769028531204,-0.149110390454413,-0.258948247588194,-2.09479470938015,-1.57432091814437,-0.386884212846433,-0.418782420213585,0.945270742422993,1.19760119240316,-0.243145208186748,0.328632426473455,"Class2"
-1.14245870421908,-0.0804888964840152,-0.967056094346867,-0.657345350925688,0.0322396409305318,0.627396726801616,-1.10059591675797,0.371763332955901,0.218282466265179,1.59031902834661,-1.46863968749692,-0.710074206635781,0.87398674584017,2.19686095920131,0.761692947117507,-0.291944223461087,1.40463706283688,1.05199656458994,0.242276512877701,0.357358262104118,0.245838870998816,0.704630616350953,0.810037513515171,0.0918470398378438,-0.659944109016426,-0.372468890367222,-0.344101652776345,-1.02941583994621,0.397703955880826,-0.554509517151733,0.876720594707529,0.738965766607346,-0.345651360021653,-0.915176413878782,1.21037168716705,-0.58191273057283,-0.661061725677781,0.739648445389946,0.301400304786583,-0.974344323536716,-0.00465827515041445,0.87850296631576,0.983832137384738,-1.71354083748223,-0.813994784364925,-1.10079468163797,-0.0857207103328075,0.897142504872997,0.74857283351765,-0.878322926540045,"Class2"
0.50012825497889,-0.121855243335229,-0.404841468605657,-0.335792334733895,0.519592487012649,-0.662819966644943,0.0719743069361416,1.42138119507771,0.814472849557515,1.635818934984,1.83584088301161,1.58872004823898,0.260712515536036,0.326925834019068,0.772376729848099,-0.574483759778745,-0.0749627803843603,0.132945461057505,1.73510164823056,2.01545983034349,-0.454044964008262,1.44212354869519,0.641156059055943,0.204615734621224,-0.544529819657512,2.12733419147298,-0.749052087921286,-0.84143384060068,-1.6553192737183,-0.723592859930333,1.7643895276482,1.25394968306482,0.662613054977088,0.620218322763426,0.710212514851641,-0.0689884454389082,-0.519040734043513,-0.175741278778591,-0.354583086483595,0.344917898482643,-0.101146892940683,0.780593724315197,-0.8277232046691,0.0697682572233419,-0.654828140433889,-1.2958204499017,0.0686256995940238,-0.341850206729344,-0.0627185982621871,0.259065809462836,"Class1"
-1.46604747599579,-1.26566825121769,0.269458054521204,1.70112884250719,-1.1890028589673,-1.45115272627505,-1.37383876565967,0.729996278894034,1.05689944519779,-1.45100626086969,1.8163407256429,-0.0716687962470489,0.0651641165266938,-1.07885082012835,0.751244237549174,-0.408284187946454,-0.275652673434455,-1.35883193995238,1.8923258346279,-1.0549553200423,-0.435159411082186,0.267939621567971,0.812944865816811,1.58780049516307,0.490124285845467,0.450923834725157,1.31717898365421,-1.33823153153473,1.08005334894736,0.341055040085171,0.0552990157775787,-0.0825314271464026,0.113416856257339,-0.290732971764769,-1.70471556681353,0.184904631385056,0.721215955917133,-2.25277483454961,1.14420581546476,-1.90177679780783,0.800547988569793,-0.279726370985557,2.23125187956667,0.161130647331454,-1.86118833265003,0.205396343168915,0.49953911431395,0.638546948895346,0.979812076164684,-1.01098287408881,"Class2"
-0.936624311785306,0.873196460395386,1.75412791788956,1.2146761205812,-0.527312924941453,-0.52132066697933,-0.697967786173564,-0.813676985848804,1.2147519621287,1.33795614279533,0.822678116327963,-0.889280700407717,0.159491694033461,0.395588421021978,0.296322254680076,1.41690410895698,0.265603316900334,0.602611135790814,1.20442604554069,-0.734249660053427,-0.0447408432261893,-0.264931044874746,1.50778462035521,-0.0306082801063942,2.39564452599188,1.08527524268161,0.350154849166298,-0.192089263257154,-0.699779456018584,0.276870179200198,0.201043141151448,0.119453605201421,0.474311319262627,0.907023892747991,-0.0077554503223441,-0.120509462674956,0.904748141523008,-1.09977588906141,0.199357037522635,0.0865026069332036,-0.0466987552574769,1.17674314208281,1.17732255103217,-0.090978600031506,-0.0892368503644697,-1.58399020968394,-0.0287231308171136,-2.06122279062448,1.48764839706917,0.574644445818445,"Class1"
-0.49230370931641,-0.233894214202412,0.272451808281603,1.55439786850518,-0.325913786207009,1.41207773028557,0.364794298423668,1.2319482227421,-1.41973486894126,1.10562990940349,-0.833762999690923,0.0641618332925692,0.143498100402443,-0.880369024292099,-1.20620368534907,-1.12242946882684,0.13648118615449,-0.539120159432606,-0.286549226818922,-0.357626200540949,-1.50405336629116,-1.34192420471306,0.210319696801634,0.344856269089117,-0.305603315192919,-0.00502834385502686,-0.384682272020167,-0.984063894110735,-1.76233426925569,-1.75769627314603,1.05504290175211,-2.68429392826404,0.411070724218436,0.514008423214634,-1.01488321855263,-0.305345568773428,-0.171968366976351,0.282067905077768,0.540065450640212,-0.514384535673792,-0.137618828153436,-2.45036806908488,1.20273714799126,-0.426701169973895,0.146050337649473,0.496622338824372,-0.588685316109368,-0.752297718486123,0.654654794964276,-1.9764976675729,"Class1"
-1.88522217367463,-0.0231847634807906,-0.63640421383722,1.06708851616618,-1.3791593356179,0.96895687660324,-0.945109478813013,-0.566659871751465,-0.837857022679698,0.785225652297565,0.845724294904167,-1.38417284689791,-1.17578271177114,-0.958588020785016,-0.97035827667293,-0.0643408754678614,-0.879441162331761,1.50352700216016,-1.07658211804593,0.104590079892898,1.3384981034535,1.34005212508147,0.0204529856866747,-1.80272270784729,-0.270109095299582,-0.46414346438449,0.000539270898312278,0.0386032747295666,-1.22497133362236,-0.859744695190357,-0.0681405639523222,-0.218563846727762,-0.213794901824012,-0.270581195883267,-1.61490047450907,-0.977218177500541,-0.754314501972644,0.873395519550435,-1.74301335432047,1.18022137895531,-1.43781136336955,-0.162706970169626,1.85041425083055,2.79218892729176,0.439668561210888,-0.181312229220889,-0.945491216487065,0.492822051935241,-0.862923356676362,2.79868798380919,"Class2"
-0.506228775189809,-1.14020572453939,-1.39394570379563,0.963159991437851,1.40557032851241,0.805385702644947,0.414304894559376,0.283786696637007,-0.37355101565888,-0.635798342503638,-0.0433836248807294,0.786952642718102,2.14948490288011,-0.183482804209583,0.739731388517815,-2.35238521335537,-0.274256169616682,-0.758505083227548,0.110806401166984,-0.207542893485688,-0.241642737113638,0.66179857974178,1.33806322889311,0.103810072799537,-1.48124614809972,0.548088459593598,1.2395126192358,1.92980576889807,-1.91405139305516,1.6773401779765,0.32509648537724,0.70996269040671,0.890927031608388,0.093162402675302,-1.1240862654555,1.0424420015884,-0.499414508931418,0.271796497010801,-0.644440229092134,1.4974769264968,-1.53844157909581,1.42815173420775,0.199178935456379,-1.10147715827342,1.3593698321478,0.613852957513637,-1.95228031447994,-0.972184898827523,0.97686752891997,0.413949522028806,"Class1"
1.31488719674772,-1.06253187673448,-0.0615583915185683,-0.811261423763645,1.09599894962255,1.5161482997357,-0.121016023797457,-0.221976252269028,-0.567163825667227,0.0595875698990483,-0.111216175100725,0.456860363552345,-1.30662744960456,0.881535529558015,-1.26058563321127,-0.529523293822166,2.19215712721315,-1.87096300993456,-0.609704154275382,-0.418455648493672,-1.91841936899791,0.0401914372903634,-0.186842990906336,-0.644499250000471,-0.853571906738599,-1.40044730855134,-0.0682546106876589,0.62889947452565,-0.438779027070783,-0.467296379489378,-0.637082959385508,1.98306576473196,0.23430594119534,0.266830086518917,-1.32577076970243,-0.0711793754631037,0.285878397125591,-1.14060888325956,0.30411170996806,-0.75601047037835,-0.267591230744048,1.65887674565716,-0.407667268288874,1.0956414395366,-1.68619244020671,0.060243073280681,-0.126674037358634,-2.66889337223507,-0.153215182718032,-1.30698574292765,"Class1"
-0.66333398424768,0.287842082105936,1.50312020733983,0.894051638864719,1.23091725389514,1.64739477723852,1.50250473007648,-1.5468618616398,0.766629650880956,-0.180669137657038,1.44538516227679,-0.32355410299934,-0.0248435506205713,0.322186259137427,0.522338835413141,-0.354240523130704,-0.292260413629027,-0.788953615709369,0.189812799233044,1.8376800544363,0.078497612086074,1.09703558661426,-1.07729759632545,-1.08360631271287,0.863840238029617,1.28564069619452,0.243374050578531,-1.84030073004862,0.732793754834282,0.833218697973372,-0.940860825058639,-1.14564063695466,-1.47894175365965,-1.11909245318312,-0.987709090186405,0.136938600990369,-0.299626709167164,-0.778022907485798,0.459351662635794,-0.274135305438102,-0.773172039420397,0.984720918893242,-1.53410012955061,-0.0635758862430477,-0.556955546265219,-1.7339531960005,0.48686164279822,-0.413598899472211,-0.077236607598854,0.153533753723953,"Class1"
-0.13366586581777,0.211173439903892,-0.314928882327404,1.66743551354972,1.41589247720057,0.260353937522828,1.21305332468696,0.810431652778481,0.677838292847726,0.412350544033066,-0.951395987995871,-0.445350707599807,-0.509386586613648,0.767869062613185,-0.508126600059513,1.71787999353998,-0.499689940707797,-0.462199873201933,-0.605156006075613,0.133242366188784,-0.14651775529709,1.17695315365075,-0.968532888618717,1.02329362715944,-0.572581486355776,-0.251606012156389,0.827961552121373,0.364742246754317,-0.580296452847992,-0.0187098187545291,-0.126912225158883,0.146649754471058,0.51267163103872,-0.587718163357393,1.04174072534341,1.17971749070325,-1.05924358267577,2.77727287890723,-0.93553048271596,0.110525915302908,-1.54375441873651,0.290639472954712,0.545450918835228,-0.327037003681551,-1.66986156427026,-0.401439354389006,-0.486540617834745,-0.383348661602474,0.0266044314984514,-2.19666595793474,"Class1"
0.305393921954637,-1.62023823817986,-1.08907334240935,-0.722498189626542,-1.42139521849755,-1.80536764241818,-0.532860540206367,0.17911793025354,1.34241317525094,1.44418217637878,-0.288331946074945,0.853037429488756,1.64470674034955,0.863925046395332,-0.376862775073338,-0.821385979969282,0.456043662194735,-0.756416601451241,0.812176244906486,1.04955913845493,-1.70799711342383,-0.317293959984726,-0.743708903345195,0.054334155553751,-0.327005153940831,-2.7975919689291,-0.509739281026659,-0.0449314184031846,-1.20994027202732,-0.578740958498402,-0.668383177216827,-0.0490704841359145,1.7412363570167,0.202580215902891,-1.65595808510248,1.52970959947868,-0.992067574133236,1.26084567745103,0.0542269532720991,1.0673112546137,-1.53824144903284,0.348819015504462,-0.654999175762142,-1.60043179448366,0.309789362238949,0.585581238880149,0.535580793285297,-0.721715895547707,1.06966115361382,0.446720885628936,"Class2"
-0.0908338623021766,-1.77300235872114,-0.217146841149804,-0.357661075147988,-0.414669484489894,-0.706152339903126,-0.736226177203522,0.884878075869328,1.13874779947829,-0.795085331105517,-0.491855705543338,-0.968433621670517,0.92006484052518,-0.166776274394011,-0.756769511531384,-0.730294687138348,0.147374100814722,-0.0746679485039887,2.0334616387244,-2.78983251950169,2.15958406595952,-0.965287206920446,-1.47865948945079,0.969309682789749,-0.200414869347772,-0.840100737904974,-2.01113291157116,1.85358671726559,-0.364526300706656,0.296565770070232,0.747517376945983,1.22364576289133,0.218193277670488,1.60431220600137,0.197245480529286,1.38440829591901,-0.144227256565227,0.222781007444234,-0.343381966892535,1.27944669588425,0.769429901951287,-0.329917019169014,1.27550796686703,-0.137246875832777,2.36549245319172,0.477670488757224,0.739049337695979,-1.9029292645012,2.39500315591729,-2.02701797030001,"Class2"
-1.23934359193265,0.461060061189095,0.704606041279627,1.06648968034459,0.108269488025869,-0.916593765091027,1.10912334989467,-1.54972644469713,0.926868445980114,-0.691416245015659,0.202927907994787,-0.896814711427445,-0.527208981016442,-2.28126218741323,-0.213481804318396,-1.26307196967391,-0.724136791727268,-0.489203202154177,0.853330373616269,1.08398112937643,-1.02867607494889,0.892444396041928,1.21111398278952,-0.785016977375234,0.0754163308487884,-0.426272652944611,0.0166931557883101,0.392624932888183,-0.0429568299321872,0.393596175808396,-0.75729743957107,-0.301366503140649,1.75574775114846,0.661715805222619,-0.0863324959872585,-0.428015720910104,-0.133064996622406,-0.177856147309242,0.835772198131328,1.27087792520915,0.196109803094988,-0.958250850019783,0.0618240154933521,0.796229107521601,0.908345609183823,1.08243034952998,0.396330573607348,0.394267469247668,0.634558032786827,-0.247418669437365,"Class1"
1.15674094661428,1.51257739599688,-0.161210023719137,-1.46929465545545,-1.31428186126578,-1.49099606935782,-0.242395222384026,0.758861421170473,-0.266533161373214,0.820345957589633,-1.27057612920519,0.386396110204385,0.179484093396372,0.750696832367748,0.86189564152469,0.336359541766149,-1.22900873193142,-0.275315500449534,0.639372384735437,1.25733681334403,-1.26660133702094,0.663261480041919,-0.686527965799041,-2.19856714503852,1.6710912657433,1.75840579506285,1.27489740518821,-0.383563727267289,0.184559099583772,1.11739351376657,-0.896260342215427,-0.0751291143292508,0.379458116497211,0.374605069179013,-0.237191462852791,0.524288054467281,-0.594283540221061,-0.125729708411994,0.324721387945813,-0.365540859309449,0.460402002102814,-0.434535995320358,-0.229612624636112,-1.60421102782976,-0.366656199140084,0.758399291120517,-2.00159878183592,1.08411637385627,-0.506105300859954,0.0406821642774995,"Class2"
0.562885834364719,0.296599558172213,0.913426885249943,-0.480673437340873,0.975387408665976,-1.75582053146723,-0.73021084643703,-0.691478377625222,0.289441796721014,0.874344521584472,-0.466077757478679,-0.411526441558615,1.06158198414978,2.05255232208306,0.450661390664171,1.32423242103545,0.561271569763371,0.580694668434211,-0.0390314072940518,-0.437958742097469,0.550418668678417,-0.350540838191608,0.928917890710071,0.228913431216624,1.31683394276724,-0.121811861711327,-0.137057771131384,-1.40411376171498,0.374806522454566,-0.0383063940548146,-1.0237120068985,-0.973856059299597,0.438579229411408,0.769689123482193,-0.134603106421458,1.46995811069251,-0.294121981155602,0.658054540587106,0.0498457284135515,0.583307015755928,-1.43098623855754,0.0112569410250171,0.941085033372091,-0.997797356950194,1.34604376447356,-0.914696318044844,-0.146826975502303,0.400449372384219,0.129735218189277,-0.207411731564475,"Class1"
1.03291678969465,0.15977312784676,0.912657591231178,-0.208472273276888,0.771458229238526,-0.584927484330675,-1.51261350766998,-0.740894229302887,-1.29178723387512,1.45880208831566,0.847040620662285,0.842822229894126,2.04550244110402,0.0514960460189461,-0.215737792322521,-1.06119964392689,-0.114729413715467,-1.14774611434424,2.02515827258646,-0.194473440976066,1.13626706958882,2.75158829100463,2.12207982744287,0.967310637740492,2.04012131684793,-1.39895777180031,0.710232947589189,-0.0732838011061885,-0.280701665887759,-0.765315780200786,1.10592810681812,-0.0884974008050784,-0.270704822474283,0.347674257605047,-0.438630949478441,-1.39143618211155,0.0556459238473461,-0.280727013124844,1.1302712945865,0.901740384014723,-0.51123596311848,-1.23369686195207,-0.603048870836709,0.184202739287294,-0.146060885412959,-0.421406402518186,0.274002625712134,0.618032944577298,0.289012511210837,-0.651433623288278,"Class1"
-1.53186389159083,0.031476903343719,0.430090635289661,-1.19479291645589,-1.48815431181116,-0.704602500885321,-1.63068257880047,1.15826509786473,1.22523435392014,-0.0684322880958677,0.615074598234027,-0.181240832326278,0.268465836929494,-1.28836530784069,0.854923461976024,-0.277613905512589,0.222273255276651,1.08149196291532,-0.151647487596699,1.59341416131724,-0.101132621142492,-2.08833532166578,-0.506768325630132,2.48276675247229,-1.62481125039345,-0.310797715254054,-0.515500345692356,1.08873010090866,-0.121142315659761,-1.2697771847915,-0.480621617860894,-1.1574385231712,-1.93355857621228,-0.653077420977454,-0.213379757357765,-1.43660589540631,0.350985379345905,-0.58499344409447,-0.135532289170774,1.63022637523282,0.0147484508223851,-0.0815745395833474,2.4495970232175,1.12870093168882,0.339662750070789,1.3342896049952,0.136659054395909,1.20318458308739,1.39455491132347,0.816215393979954,"Class2"
0.769340816701069,1.72036476340383,-0.0193399520408497,0.273211621438313,-0.0747868621889484,-1.28890348829504,0.610135537568353,-1.42590495528077,1.48846714425879,1.23062604468572,-0.716410912090637,1.08866742271925,-0.967127298949412,-0.352306182226993,1.61824407738192,1.53940832197456,-0.495102237639181,0.197671863556311,1.25037958369385,0.0568795155518486,0.324916610900768,0.0680606228908724,0.222643116891181,0.914298877979088,-0.30446619360096,-0.869126841557509,-0.889338009357258,-1.02960369305233,1.01412613371468,-2.68692369499828,-0.700348661223476,-0.217695059017036,-1.10484696391322,1.03045898232643,1.31101808012796,0.00309618748831564,1.45427047986264,-0.333526771459694,0.113426959018432,-0.916484349784995,-0.543405498995342,2.1111485806961,-0.278332718778773,-0.753480228162638,-0.0596116319446638,0.394032208705526,0.608433263163955,0.136304455737063,-0.465542287478,0.950780747539402,"Class1"
-0.398276169527588,-0.036163968597146,0.0635161094260313,1.61171776651322,1.36595162970434,0.315239082079693,0.533331219686152,-1.57792898483102,0.0642426152422582,-0.560340180041593,0.702046942828467,0.451370822217494,-0.912950168665178,-0.889812744809551,0.00383413479499149,-0.539792600513344,-1.75703274993965,0.156336884861886,1.44203940022695,0.99866485845686,-1.01355696434577,1.04139444703537,-0.668992693562273,1.07824737572912,1.12414076799279,-1.48094825760912,0.48072625685268,-0.898742973206044,1.44732391757415,0.811603604460991,-0.209127085793222,-0.633945746047986,-0.222747428847262,-1.04478233624698,1.22020902253117,-0.688932794453733,2.27712757604693,-0.0519851543486617,0.043779138263036,2.16123536697391,0.230044690326383,-0.830066229565048,0.096432591047678,-0.107733750702282,0.201541609221969,0.260236290167785,-0.126502985859507,0.859260724282112,0.402035782437226,-1.40472953341706,"Class1"
1.13272229779147,0.608190916233966,-0.461254452185407,1.67843540681652,-1.52306145300595,-0.486364295513909,1.3818442678784,-0.514053102406296,1.38761327244402,-0.899817491245326,-2.06604925015378,-2.04630012656682,1.83362034677428,-0.0433293773844899,0.466934214728543,0.849118475233666,-0.160865686042223,-2.15886375084269,0.0794384682807839,0.573065114720033,1.0577914809691,1.3329619597915,2.62679280923983,-0.50798388577846,-0.153735788400117,-0.657570142098979,-0.350765018028208,0.879899853834084,-0.832342468080738,0.229303957412598,-0.584336229915307,-0.224194635777057,-1.06194515053566,-0.944365255704231,0.260132711835954,1.99045982238438,0.369038377121049,0.825657152448368,0.177147071829309,0.694550367293984,-0.401398131778965,-1.11200578778402,-0.634583507771587,0.190963398376755,0.812889363882405,1.50311282161057,0.581040490673658,-0.0996380594057302,-0.617667307363675,0.0708115399866549,"Class1"
0.48288671929975,0.309287514747202,0.514229829066146,-1.12669435924263,-0.693279012669715,1.51051340458462,-0.781105050364155,0.158838895256926,-1.10804098629863,1.42692811579872,-0.13036687374282,-1.21719210200315,-1.91172624565483,0.637126664877327,0.28021080149306,0.548982081675022,1.99197116403591,-0.148416796865923,-3.20788927347475,-0.131597380217008,0.411013238625346,0.903118945708495,-1.14397308647794,0.408638271207424,0.436293400592075,-1.73744978846493,0.890638219118185,0.811030498755612,0.416113788599156,1.39149660392155,1.67503765365883,-0.711891913522645,-1.48926560325697,0.216719641165126,-0.501343045557745,1.09597363457405,-0.963810045521859,-2.12674680297997,0.510372408069014,1.01910888945505,1.4176277910359,-0.442166708556981,0.296691200123005,-0.203411142111457,-1.27664580558152,0.553058800274454,-0.643416489854983,-1.6092196748025,-0.164482692203815,-0.955224388914823,"Class1"
0.99066065282442,-1.02496779596849,1.705344258436,0.134947741777602,-0.0133874819115225,0.428272613666915,1.48324437435332,0.392149309932963,-0.77873185726662,-1.40676810892962,0.844358535145529,1.16879509494125,2.79839541331885,0.817561343742202,-0.939669210485113,-1.1695521118722,-1.58052140838696,-0.443223410176282,-0.392732473347395,-0.257979589151099,0.197760402502034,0.200864655186995,0.985052497458394,-0.375099830662825,-0.480961841584409,2.38996506494526,1.00254662639327,-0.415158868046458,-0.0312183351864964,-0.372388760865411,0.641675055721402,1.48996662744094,-0.102641065297087,1.45926756271655,0.922128901762385,-2.70549267908816,0.56329193350907,1.73717645727063,0.91064673492759,-1.10697837738767,0.586488850159935,1.14293585953847,0.858982748124707,1.06533573276166,2.05914412359575,-0.595437039755556,0.635928336021833,-0.235509018815561,0.524207847248213,-0.548919118777955,"Class1"
0.131506915143022,-0.953974119808533,-1.04903032983441,-0.409576092495528,0.344533826640948,-0.733721987462514,-1.13885078423046,-0.782968787190315,0.015051821178858,-0.236787345450232,-0.425094767137504,0.629308477400944,-0.249391331412215,0.219101279353461,-0.889833002177664,1.3879041109551,-1.13820540917773,1.18243995977795,0.365175876490958,-1.32338060558213,0.849232859343573,0.744475292411527,0.693730686532309,0.47412602273831,-1.63855336731457,0.202953524664296,-0.376722247898166,-0.616386215699733,1.20143028182428,0.93844866929774,-0.841312395429511,-0.606688701668142,-0.603778801497922,-0.581367985412658,-1.35122813405659,-1.72781722819322,-1.21491690350092,0.0898357888061052,0.343140189259176,-0.501933125677405,-0.23710777088274,-0.651114003138091,-1.3983000497925,1.87095275538417,-0.346807626822715,1.58357879828714,0.0128730529359867,-0.217376099402022,-2.0518189435044,0.994037646365742,"Class1"
0.0443691758963555,0.779341503159112,-0.0716344110360497,0.597382689030984,-0.79103581270216,-1.20480119157375,0.979402357055587,-1.0128601345094,-0.0351945074775375,-0.0892880079940336,0.15097308821018,-0.881542510729942,-0.426761360592358,-0.889293744851419,1.87440061702832,0.960309477263149,-1.46393631060726,1.81225155593917,-1.33087097300266,-2.00204278320225,1.10176951764986,0.548158926014225,0.751793054401673,-1.04532323951894,-1.01058510998158,0.518251838263053,0.140576452483556,-0.397155053832604,0.83162993595371,0.754213960524728,0.238939026916672,-0.103589325245808,2.14584130821525,0.882145934117152,-0.173421258998351,0.69873490279726,1.28407020916469,0.308957761740898,0.255326390303852,-0.0949824010083569,0.493334951950127,1.54639974420581,-0.00861699780723081,0.299706505480002,0.424857167917177,2.48758771677678,-0.151863061905183,2.30943270731904,1.04413926543809,-1.41927912106863,"Class1"
1.01466601579702,-0.238767568349889,-0.803925163391913,-0.80637722841241,-0.268937991313257,-1.49763723927496,-1.05759491344223,-0.399730438798823,-0.158628988018021,-0.221429477257422,-1.28947112392182,-1.22669024598783,0.135509502865136,0.767140865272221,0.865870498104382,-0.340963246861695,-0.563547311499555,1.62734428522883,-1.3184189482414,-0.00331297012309557,-0.641380143921729,0.0517187359802874,0.839989702235088,-0.28843590005374,1.93449799327687,-1.09677459939178,0.969916465325991,1.00359712399956,0.969799998568623,-1.16794896384147,0.192324754283195,-0.442863316283255,0.0413713930743243,-0.228811708556218,0.0533570855737535,0.256685039546842,-0.922191574945788,0.5248937525681,-0.081785240307996,-0.791988660478264,-0.284796837378804,-1.07274974034878,0.567094083232082,0.520029781326829,2.20420769216804,0.0685216005526654,2.33153553285034,-0.783549565824459,-0.24564115831812,0.763797889975505,"Class1"
-1.84807181801086,-1.25947129898267,-0.0224755746049662,-0.116496767671159,-0.454754035155518,1.65473891184739,-1.75318610882169,-0.0836928756746381,-1.40904318201982,0.609309210630724,0.969039455066507,0.941774636556976,0.84835018789589,1.27440458509936,0.73069056104841,-0.762552238288065,1.05615692739343,-1.08945021219702,0.797846502198676,0.272783981591327,0.58021111064041,-0.66936360034019,0.451697597914773,-1.30661247196749,-0.113650307772688,1.1278953552274,1.51492845866057,-0.0612552430791384,-0.332996383459464,0.19928479697354,1.10218432754231,0.600278395132337,0.351759704322694,0.372315202671215,0.51900798608019,1.95241200993461,0.166961367257936,-0.687004370497757,1.1334223993555,-0.600897476222449,1.09342581104288,-0.150293499179073,-0.938675088103687,-0.258696454300138,-0.0609437386820825,1.22775315958567,-0.554494930206593,0.605882166144691,-0.419441961512269,-0.45430057894749,"Class2"
-0.151791151993227,0.843313519410353,-1.08459735972587,-1.14274425833432,1.43821885108048,-0.552828434721314,1.22931528336972,1.177871287848,0.502801086067054,0.89183524358559,-1.52734494901736,-0.740026023706966,0.268983311867432,2.13101856451469,0.153334928717358,-0.241815593646596,-0.367120317470297,-0.721796771623129,-2.76754473807495,-0.45719337884219,-0.900047375959765,1.10713336176442,0.447184748714193,0.118036324400608,1.83082482702599,0.424667560381086,-0.362775008429422,0.142073066823802,0.940009524723542,2.00461093498979,-0.403285445534563,1.11886688647614,0.388985651542345,-1.35974391073262,-0.448698772236001,0.0896171433136809,1.69840489374753,-1.12109548909737,0.616330629484123,-1.15942194473234,1.07101423411005,-0.439990197432649,1.04038139913771,1.08163708026258,-0.605051531612765,-0.844488717210409,2.07830495848919,-0.364659627890636,-1.49749325798285,0.23722136900566,"Class1"
0.80149060162251,-1.51750987028503,0.0899790111073189,-0.461723010103647,-1.25290709081414,0.101225407601441,0.594528874532414,-1.30398849740099,0.727882115799589,1.39697452577299,-0.114791617130646,1.64172839886384,-1.8065945512291,-0.471855462655285,0.481403457935276,0.979462279574585,-0.461946374464679,0.0969019782237363,0.149914992488509,0.613840876327014,2.3406642539326,-0.22312151780582,-0.968529292073576,0.502894347364415,0.957351815003365,-0.903311661658051,-0.450004207458553,1.53743711921636,0.622376368429555,-0.92519490984364,0.787067411493091,-0.405074446506054,-0.0127606359435193,-1.02263804507261,1.9313707551001,1.66419171185318,0.539011383512452,-1.01376813678496,-0.290085648124443,0.0987506961273942,-0.237639516721666,-0.391862177717128,-0.236414110141032,0.698633505641007,2.12030567672405,-1.45193059395696,0.487541152642243,-0.843638300381102,0.103908134229841,1.49719425712238,"Class2"
0.653566700769825,1.27686594082232,1.82224980506554,0.767271860793274,-1.42937528222924,0.712389151418827,1.51649015570314,0.6227569954192,-0.421914079517557,1.09764198716247,-0.0515049283497876,1.61422134903122,0.315574858623641,0.445604420353787,0.157494001757796,-0.4180704608468,-1.41995500222524,-1.02724765988154,-0.334090420364088,0.466245043940274,0.55588959472398,-0.174870021835207,0.29991090645101,0.12919611132475,0.801078280188033,-0.147946889969245,-0.281228055799596,0.762846329434845,-1.25025038155214,0.270816012463235,1.1545499433987,-1.03232781713453,0.538461828938053,1.64050980784264,-0.889273172137296,-2.01436229011,-0.107578097893382,0.450296550617695,0.393645233450541,1.2116726217583,-0.131215815331276,-0.392365022516934,0.96691464387068,0.257036067194168,-1.00476068855529,-0.151744857881617,0.213794308508763,-0.281854016825623,0.985837711999238,0.280793759767897,"Class1"
-0.150335325090825,0.357495612900215,1.17296945627561,-0.0581957215384498,1.50990837403364,1.20670258283191,0.56132779842239,0.000167341293146601,1.45772700342343,-1.27321646559352,0.241018078819828,-1.32593162726971,0.404596592077021,1.12781228797725,0.050806315024841,-1.74629333700604,-0.16441576713569,-1.65836889173133,-0.709191554052798,-0.30386519907398,0.060016809711596,0.289792694766052,-0.479819175922536,-0.529698441831426,1.67480754378642,-0.413308777468657,1.26247809356561,1.11624976424065,-0.93098720978475,0.949182475653031,1.99525168434673,0.314095623098856,0.426381974753947,-0.0433584098261482,-1.01719233797634,-1.14752492239845,0.481464886484854,0.513050505848264,-0.735438318676442,-0.615953581919725,2.54576098718817,-2.81352971070343,0.460766725975557,1.74137920973267,0.152115503524053,-1.47859973968697,0.488669408643922,1.34208063900005,1.29907953898991,-0.593603899785648,"Class1"
1.28319118856497,0.146009394328655,1.78620519238341,-1.51535128990958,-0.20513736653453,0.137674619821195,1.16145501573907,1.40977382369679,0.814896539427138,-0.99818000970526,-0.577249462452125,-0.770899819826977,0.596744519590716,-0.114201207595313,0.226995446457277,0.00914959780786119,0.735173733376111,1.11761378633711,-0.0140035234307061,0.0647986310101134,-0.397675509483954,0.0847247956106862,2.55224442493191,-0.151152805056737,-1.37410049414141,1.11974437270294,-0.722992727216917,1.62789488855988,1.25127018556158,-0.0620473665091026,-0.115841449120347,0.426720858938306,0.644270214303619,-0.00427217151309172,1.92196425062981,0.0444975253741334,1.43665032723737,-1.20502249772952,-0.361432698619991,-1.87531008454769,0.174695797498883,-1.11645901856752,-1.22543016311538,0.481405578728224,-0.456454688976382,2.06770449745904,-1.23045200685919,-0.057941428967042,-1.86159246069695,1.03096660643717,"Class1"
-0.298036241363992,-0.694198109999259,0.127942304450589,0.971316519288534,-0.442564277788864,-1.87102345511832,-0.565113016671773,0.189870401064141,-1.3725904874581,0.517455876883716,1.87753793692178,-1.13982801760792,-0.956941457880476,0.493732519181218,-0.971291873553154,0.93671497733528,1.87108039060844,0.279610061609958,-0.0225444139062606,1.24152608740865,-0.125979933738965,-1.60178419115335,0.564324572992468,-1.48001578087513,-0.444191364484101,-0.198776059045164,-0.618091273342866,-0.438774376142112,-0.485171120003486,1.04941054467999,-0.00331001930849637,-0.411024001679053,0.84708560033151,-2.3841389924304,0.361979027282595,-0.588941820505175,-0.932919381069824,-0.164289358262714,-2.32746046739603,0.476176366553949,-0.826388505992754,0.807378849611215,1.03473687153727,-0.419096411390318,-0.0364692750394674,0.658490809513065,1.69768075810605,-1.28176044892588,-0.26754831516511,-0.468269298978601,"Class1"
-1.02042352109393,-0.236705095490889,0.604757683836733,-0.292210070477232,-1.10000771555088,1.33381706671033,-0.455785034538783,-1.27933424891503,1.56454837045616,1.27499362751441,-1.1383195012106,0.607885155619573,-2.18778476948015,0.199426113930652,2.34196142978251,-1.02123432737762,0.994248621710668,0.912566950805687,0.162866273866914,0.315155080632101,-1.01255989802781,-0.286835620484364,0.666300863681271,-0.135910435379682,-0.16269517687306,0.936585660311246,-0.218543449349698,-0.224712346643102,1.19645938806407,0.817076818134477,1.21608008040462,0.569329960675011,0.893031700920271,1.03450892397305,-0.507623398152501,-0.893927104188686,0.458771735653565,-1.45504614192552,-0.739654729370975,0.484885552205572,0.417138574273122,1.6981024204372,-0.328239028536322,-0.515772880452232,-0.184140641064572,-0.863136582881725,2.00616646830832,0.850530835414006,-0.353149458343762,1.50636504932498,"Class2"
-1.67112659886551,-0.0626555578627995,0.179283920789125,1.64917217573308,-1.48144470020381,0.848187675418965,0.173242785400083,-0.189871781266095,-0.844814404948053,0.354563974532884,0.419783359244998,-1.17654540117496,-0.307483912598719,-0.131317160626261,0.788842923106296,-0.0871861085606805,-1.03176092786414,-1.19342549885794,0.0444413110682626,0.775155949698925,0.159972101415263,0.594598251066714,-2.21983574817001,-1.60556202356776,-0.740324925573577,0.613491764272413,-1.27260622245031,0.0491147473581969,0.574857775702335,-0.745704525544643,0.221831484868769,0.120529532768903,-0.00582624310578009,-0.185946197266874,-0.929411508260122,-1.26096911545176,1.13571884601225,0.28363977780235,0.489595262473441,0.502114489585991,0.144056982079752,-0.792382504547335,1.6044019553506,-0.147092976077672,-1.03457612977391,2.16443318512725,-0.0714987300439537,0.266610424831243,0.509472143714448,1.28009481146145,"Class1"
-1.56354531309516,-1.23835560584924,-1.17028039798183,-0.759489200777851,0.502557627435616,-0.541273493076251,-1.5221442945629,-1.05781306047912,-1.41868944455242,-0.722262581209711,-2.53525460751262,-1.85478567323308,-0.876892689661398,0.155899395781406,-0.233940807739991,-1.08518928558177,-0.691520769263905,-0.193869778083454,-0.590463647717884,0.477102677898,0.683533730573193,1.11949874964254,-1.37838689425203,0.060083629419665,-0.108807114092488,-0.321983832890016,-0.390908184074324,0.343285335494368,-1.06245603097317,0.355742764059802,0.148417272480209,-1.27555000338132,-1.21052381957293,0.34435105031352,0.291473999479901,-0.637696598748524,-0.62610434563214,-0.553432801870357,2.20381612537288,0.60408845785961,-2.23376575121543,-0.26268746327296,-0.74136202355201,-0.177587878881174,-1.46563759080462,-0.366727957623249,-0.809340090051779,0.290819738398287,1.36256166815134,0.577601804635494,"Class2"
-0.753314030538448,0.0447317262564679,-0.671900644693329,1.18983438966673,0.240715386762921,-1.57387231957125,-1.16826739672384,-0.21458158419577,-0.709324378817382,1.30590403693089,0.186888285824623,1.84187537754541,-0.71296848344165,0.910750360324155,1.18791443485431,0.27248209147999,0.338385764566902,-1.15655498464837,0.173915144442871,1.64801152483983,-0.420746147824517,-1.00350541109872,-1.04753426902725,1.73179550313502,-1.84153329929468,-0.0953831391095159,-0.365114700804038,-0.630681950872472,-0.558932519775815,-0.120315785047651,1.36480801192195,0.5025708627899,-2.4784267367346,0.260575089494572,0.0820627260389759,-1.62246146985764,0.374902816880213,-0.825634605026124,-2.01291822492008,-3.02407659257538,0.403050367527099,-1.41363650071893,1.32961874645907,0.256541747310424,0.795008840106302,0.104467780555424,-0.975532697207495,0.210466463740484,-0.780798099431307,0.439487528214434,"Class1"
0.00294186585774071,-1.62681854111662,0.22780455433626,-1.45174184891958,1.58479593309596,-1.73278392987271,0.246359626044402,-0.943683763529614,0.743201923576038,-0.966244631656753,0.65620079395294,0.916538263709583,-0.885603506856466,0.383684509785179,-0.599141149101012,0.0196997756299346,-0.234252824424966,-0.760453801621961,1.26137122373248,0.114706279402755,-0.721956557873199,-0.47712775400353,-0.680105451055641,0.741134412463463,-1.20996663060942,-0.834023160244881,0.0991741880867865,0.10983433287877,-1.27673311532789,0.732600105067674,0.852097049418838,-1.19273590035808,-0.468401032878037,0.287378655583643,-1.27910745108109,-0.766023751437571,-0.192386228001108,0.179688889727012,0.185624502118466,1.87389105568739,1.13572548083661,-0.471866571621954,-1.00355265372106,1.01234554135102,0.729128126633962,-0.0989673835329327,-0.561299501557938,0.27229599643017,0.657686907105032,-0.108624260663016,"Class2"
0.5387377413877,-0.881903404116788,-0.222959180436646,1.32292911343224,0.324956226203964,1.02899416259801,0.832750343119011,1.61435243145504,-0.749798428967177,0.016885408997219,-0.81894054169851,0.74443429641716,-0.374950613251253,-0.446055325656462,1.67180752703557,0.119892563046179,0.0303879175630807,0.466233698779632,0.5674855931461,-0.917118086693131,-1.54423091683465,-1.99842866716624,-0.662126525952853,1.47625913352342,0.713985419229107,-0.502734307974692,0.72708851605408,-0.841151401691772,0.131248522418795,-1.05373690513723,-0.0595950831346774,1.17061374154467,-1.44229464707861,-0.427810631111777,-0.21532697301488,0.76751144471758,-0.0198096508712965,0.981407829307027,-0.730957042736944,0.437995177788659,-0.271223148209429,0.502069753376824,0.535976553153247,0.506269952411958,-1.06486708551158,0.08713650794218,-0.56778176257275,-0.396783971787798,-1.20587887491154,-1.58829729153779,"Class1"
-0.414884897090226,-1.12124290612784,1.79259650289822,-0.107251118722404,-1.44608101417909,1.05821171232588,1.24798914721262,-0.167565416943544,-0.790805528099472,-1.54685951738027,0.836771612193883,-0.605342694477243,-0.295209270319118,-2.1272550426469,-0.37297579287541,-0.476957462440551,-1.44190704074593,-0.743742433483997,1.36666728828987,-0.417018673590958,0.668814935737368,0.920689066108554,0.480619503651302,1.35500396588893,0.363659129068453,-1.3190377136139,1.6260130809397,0.238466498197851,-3.39889461402434,0.0802207501777728,-1.79196546666362,0.280861924161532,-0.348599792327321,1.63365125223918,0.376286047708174,-0.858418199577627,0.913677141807909,-1.65294144506095,-0.184181338574217,0.369118067747296,1.26641504724076,-0.607257569866897,1.32728739502776,0.909684941038699,-1.50967086269658,0.543802576230872,0.332936356779812,0.485302305545591,-0.893438381824311,1.40687762554085,"Class2"
1.47627560241563,-0.85602362985957,0.319184169875427,-1.35906507647601,-1.12674372804761,0.433224902375402,-0.529587702480443,0.974980407710315,-1.46666599154707,-0.402356478511694,0.49087575520802,-0.0105132490684531,0.722200882419323,-0.757604562294931,-2.24449197232061,-0.565208204154703,-0.620485259508197,-0.950525000655945,-0.339718697798722,0.242451438477597,0.432107361731981,0.0793066188790459,-0.350228322689966,-0.237530916685184,1.37162603630916,-0.435805210506529,0.859216069225866,-1.08364592812452,1.09774450062777,0.25970489693384,-0.183263403661795,1.46591269606777,-0.279838161405355,0.0569630012305674,0.269503110752295,0.773988031548671,-0.267651296966577,-0.546764344924005,0.784119934080633,-1.21935282485672,0.21528057512157,0.408761297643905,-0.371821664036348,-0.273843882663458,-0.0144585528858561,-1.06818936860298,-0.335501311570835,-1.32468418451693,1.63582158201967,0.233112152079887,"Class2"
-0.838028623527226,1.3892548491898,-0.422862948850891,-0.585622682290235,-0.0970435504456777,-1.43504424956176,1.00249303861175,-1.17626000949633,-0.696948801824885,-0.135574035247909,1.08796101112981,0.564496145780209,0.897083654345923,-0.0227720056999406,1.33478098158419,1.03764444894233,-1.08404601046833,-1.31289380102846,0.486501658315804,-0.236546987217901,-0.116673559356237,0.746271043654782,-0.408014713542347,0.418710921608477,-0.182853152290578,-0.381722681825333,-1.24721704786002,-0.357025041401325,0.226510529952956,0.555675285596654,1.10707753268676,-0.160011008290202,0.208397200305611,-0.217890979452614,-1.15038068909855,0.202211429323042,-0.270176385659577,1.71262020100478,-0.974429819596772,0.422342006181006,1.10192174199323,0.0428423410977237,0.0506376954770757,-0.0282343969304166,0.980629788305902,0.393408026369816,-3.24366447673362,1.30054618876233,-0.355278148365932,-0.584963281345424,"Class1"
-0.21967371176586,-0.262075606234655,-0.563417004760746,1.15372665916328,-1.6532020303874,-0.68694882672835,-1.65431269545269,1.28663026633538,0.652791326192207,-1.16850022039579,-0.595613261371353,-1.1678595947187,-0.739284804624838,-2.38762646540395,1.10958140324573,0.260651189075925,-1.08604323244027,-1.46127602262574,0.409733093067582,-0.14222905579596,-0.458739665560671,-0.402986092843771,0.995494097492735,-1.65486063693142,-0.230300125495539,-0.248260081493707,1.56052553264392,1.29363592714476,0.722351233762869,0.405792694051955,-0.614224984988567,-1.53401777469913,1.4660791657441,1.39643509225316,1.58125656381863,0.268398377677589,-0.486997698293675,0.449622207020838,-0.918358550474133,-0.783356262827012,0.0667540680771684,-1.42204534917057,-0.952024262179114,1.03961730248819,-0.632365985417957,-1.24617806931106,-0.882156440901698,-0.559173415334309,-2.09290228401531,-0.31577775781773,"Class1"
-0.6930603496938,0.965773438054917,1.26469024104126,-0.780307747141441,-0.208591619864415,0.707569290512213,0.373259534973636,-1.00968094066817,-1.42351299257129,0.459188259638302,-0.713336993251785,-0.113475040405389,-0.293004954951557,2.09221462906515,-0.741956463224645,-0.0354949481719794,-0.891616573195197,-0.799194598639878,-0.790761022040249,0.646017511455828,0.356176694388736,0.256430856930213,-2.11542105500535,0.920532203638285,-0.26505031471723,2.22217058182234,0.854844640253023,-0.470738269284191,-0.259238374051505,-1.00077326505291,-2.49922899634786,-1.37508980960008,1.48979123089886,-0.401659404791567,-1.05169793778652,-2.19396989863743,-0.920843788779966,2.36203317973464,-0.00542118150834581,0.187583052438436,0.186437801078741,-0.800450986690192,0.961443244497598,-1.37225623587095,-0.634225337602159,-0.458991072538125,-0.340424356121905,0.0551634495299057,-0.0934727444107024,-0.793488070254806,"Class1"
0.497126219281511,1.33600175078601,0.959471463174684,0.289875359559814,-0.801945542312457,1.33731141856841,-0.5839592132162,-1.10768342548719,-1.33467409090393,-0.591693936879179,-1.45438520833878,0.159925723536682,0.322840880474009,-1.41525820283595,-1.35966356706051,-3.10394816112139,-0.609598768962228,2.17491670563241,-0.861667347740018,-0.714690395784525,-1.28840827447626,0.90416928308788,-0.195531461110678,-0.605813143654704,-0.774692919463312,0.0819763742550042,0.103930122663484,-0.829755572440779,1.30921621852998,-0.902949853833309,0.210212351954923,1.13610837969088,0.779192020414022,-1.27909920709833,0.0449078475926907,-1.96855919644846,-2.17034103822868,-1.38123492014361,-1.48994542104647,-0.162337006687508,-0.376857931150717,-1.56790575854781,0.744256327525732,1.28373527022851,-1.03761357587867,-0.0136483580074414,0.864304006013409,1.39231578887114,0.269092312855652,0.186278538250999,"Class1"
-0.971020470416296,-0.383889845255345,-0.968585433285139,1.15136572918958,1.42477088566463,0.581654470597708,0.245862849550916,-1.15307186890313,-0.276446029319893,-0.796671870705516,-0.113699601082165,1.54243780651377,1.27596774680634,-1.10429164571428,-1.77157854471041,-1.13935965924064,-0.230197018128746,-0.559083105872447,1.72609554436706,-1.79510836745949,-1.38660960809069,-0.123754057014177,0.687883376240028,0.964756092334367,0.370865177649933,-1.39347995813477,1.3980634124523,0.474213294796734,0.130657586856161,-0.434766213596932,-0.730660139235819,-0.639904883280222,0.153294034037994,-1.94811289220595,0.815206231334817,0.0208991674513688,-0.799377897947279,0.065784771558684,-1.59462925191354,-0.0114107745076083,0.942502339312064,-0.923820334211936,-0.614172778491142,2.8270256883075,0.82312549175471,-1.63798216415479,-0.577656392045571,-1.21082957441478,-1.47072029134932,-0.61676580710141,"Class1"
-0.146876136592219,-1.66900607341316,-1.32938240442704,-1.48998737874713,0.693205911852572,-1.04574566330328,1.41498883341099,0.238548567774798,0.0152597347354408,-0.408246163843511,-1.05401856202853,0.584960409746271,-0.0607773246256167,1.3781386823975,-0.251232660745716,0.927591816096509,0.362490827599929,-1.08925457228458,-0.871659017041214,1.92552586841095,-1.35887942943753,0.795183719627575,0.887170903194652,-1.69602131870892,-0.983909619143221,0.794777735242817,0.5867186809027,-3.1652885922654,-0.977838836046992,-1.25413371755463,-0.1949470313581,-0.989739732520179,0.326460480937585,-0.157029621294027,-0.0545864724643057,1.57737537635575,1.47863964061246,-0.928701813111733,-0.362020990069118,0.659586168614661,-0.2626910914371,1.68590493652772,0.22172162970802,-0.425187486424797,1.24544290186473,0.0450194775369464,-0.966020861483265,-0.0308907722106011,2.47579903492106,-2.50659499529263,"Class2"
0.928541676549023,-0.669511698750273,1.14689451976922,0.689207138348715,-1.1235345628394,0.395188159288968,-1.14796692492852,0.801317261972095,0.460833840495819,1.33579885567478,0.821341933919931,1.16830099738774,-1.57020545421721,-2.07994124236324,-1.77099682371998,-0.258440965086764,-0.69713194856623,-1.42800088091197,0.840539583247365,0.42906821576279,-0.267650481064414,0.629960125029808,-0.320562687238357,1.16016771590429,0.604703975875663,-0.311842825616231,-0.117216469700144,-0.017178395434038,-0.122910103602165,2.45857752190942,-0.197670151579283,0.213432204976886,-0.102204762612194,-0.601205819098053,1.14690479652022,0.798500270794948,-0.188141533632053,1.03185206463915,-0.352396261932676,-0.080807829363281,2.0140880705886,-0.596260678041094,1.73321204292479,1.20627294113765,1.29887398978836,0.993073200116019,1.19058868369142,0.555233452156389,0.148675927782223,-0.00465381309971797,"Class1"
-1.62042166712649,0.758799417593328,0.665106775172897,0.675564568562003,-0.0944467007218978,-0.905524845180706,-0.539318366470437,1.3182959253731,0.752644604866124,1.65477464184478,0.250602721463984,0.127851866698753,0.203769917603602,0.69680635057867,-0.780949707152272,-1.07112025429463,-1.01969166294171,0.0260745510370967,-0.331332757178014,1.00999510496434,0.892114578434903,-1.27487196541437,-0.535370923365016,-0.401278248537874,-0.0340700893832655,1.23126524107732,-0.550388926196126,0.0893211015222847,0.803719654958098,0.283491183110072,-1.32143709370803,-0.311353454985294,-1.51169762382877,-0.260033715347009,2.22119759321663,-0.226282656006509,-1.32729265537828,1.16795570628495,-1.57060856234438,-0.526929929640362,-0.304653407500254,-0.480461001857902,-0.0470848119213402,1.17329114806154,-0.699121430935881,0.444529814007952,0.902125846586409,0.56976972217063,-0.485259792396599,-1.58805464147683,"Class2"
1.33592906856365,-0.661683468245573,-0.952265357967517,-0.134743051458206,0.609142306929762,1.51753232979073,0.545378239280384,0.736123542837098,-1.29050332402007,0.811916104615766,2.21063374381521,-1.01408589806731,-0.11868112436587,-0.329987454593723,0.16887205256041,-0.29140178340457,1.27381938671181,-0.255923433795021,-1.13343316665044,-0.276900598382945,0.815549723445343,0.337559295737175,-0.298277633244391,1.42409627479365,0.869531612666159,-0.00112114930552141,0.935358017532037,2.2622040721345,-1.41748819237392,-0.253938938159506,-0.262165369152787,-1.07255023833612,1.71887243539005,0.00240363953262683,0.841377608755884,1.11358896876964,-0.66511165843014,0.351231764807973,-1.08379058995687,-0.856792012959486,-0.487839441618602,-0.77891728710172,-0.90187951233694,0.160813246449731,-0.537073871035895,-0.692451524500781,-1.23064661132073,-0.451193318677917,-1.20263315148403,-0.059217379667726,"Class1"
-0.66810278655708,0.415509581135436,-1.33743095088909,-0.228004753821043,-0.144710345658472,-1.34351769127684,0.892453590246892,-0.0666439016984027,-0.201436101482863,1.66182818749948,-0.88646939101937,-0.309789096672155,1.61932961475795,0.428335079732577,0.840855117655403,-0.226771015821054,0.696725602704201,0.492719649159542,-1.55247282580533,0.106378866293864,-0.472890013969688,-2.03476447199585,-0.532979940481391,0.0564174798593193,1.31847995191511,1.41071825760862,-2.19787263258378,-0.690963262045668,-0.116451352477225,-0.0196435577855341,-0.624799571728293,-2.44539097365744,1.02357579493989,1.88777316685217,0.731205233996215,-0.247017413449605,-1.4323094369547,1.4851096775052,0.0823378297131742,-0.316366194832361,-0.62847284330634,0.874813550108152,0.886183772284237,-0.721334549591124,0.10455607898183,0.77129267168701,0.173811026374462,-1.17403022308757,-0.978396462272708,-0.711400786900894,"Class1"
1.20183705512866,1.18882713685043,-1.16948055345233,0.204110527471463,1.47976794771489,-0.412996820381537,0.0102138953538423,1.12490768753941,1.54357434916435,0.183110637446307,1.27796266563396,-1.51737703286582,0.306281488327764,0.828628858932981,-0.786286270581786,-0.354387757741637,0.421282264468368,-0.126953621315451,-1.23669448164132,-2.01608962680834,1.52364814690126,-0.161330633829952,-0.526878778820253,-0.529111594552765,-0.260352747460222,-0.0656631514261392,-0.118049140243583,-0.93628142681413,-0.802322761683219,-0.243864086965572,-0.309908327894285,-0.493401985331512,1.01216377160877,0.516316596651193,-1.00842897835819,-0.125638763435172,-1.53873238076688,0.823080973600228,-1.34785580721832,-0.520330543022379,0.202061888154851,0.808199382158923,0.184339944781412,-1.55250280753152,1.06990484037412,-0.373996670388619,-1.7217574245084,0.589948709467133,0.929496097262634,0.746485098105926,"Class1"
-0.639661139941072,1.24591386133529,-0.19121093097583,1.46791949196296,0.682382134119284,-1.00840722166433,1.10747529903172,-1.66845504231367,1.03828112795764,-0.162863237480462,-0.303273280169723,0.84625516614275,-0.581725095912654,-0.912514808864293,-0.110017269693089,0.657584709272362,1.35153456419124,1.2060463137552,-1.95289978446936,0.356123939406764,-1.05740765295712,-0.39385649330323,-1.40324390731221,0.546250552223754,-0.273161648913392,-0.543317607194465,-1.10141126502642,2.20223881430104,-1.51150499547682,0.10030440686057,-0.657964280575602,0.262205476734025,-0.519836546960466,-0.243303860420138,1.34053302421177,1.36358823704962,0.754509009066657,-1.42173011028798,1.40006379745739,0.956420116324158,0.907155407335135,1.4058051697446,-0.939064671128841,0.574962780594531,0.548148756232495,1.55128354215996,0.811915665067711,-1.07084990338369,-0.434555366283673,0.164100503419334,"Class1"
-0.687902146415365,-0.463961999087753,-0.953219106907275,-0.94033712486839,-0.354231218196071,-1.5726395428226,0.0276075149385957,1.73605581787627,-0.82602946318632,1.57005468991182,-1.16303351921062,1.29095993991296,-0.413097730605637,-0.673022110964418,0.257611785647996,1.69613610356275,-1.13165425481969,1.03504154082587,-0.926345446130546,0.459915442848953,-0.40006663883989,0.818421075369975,-0.311831497918684,0.0195986544897508,0.0903827476395575,1.74883691782032,-2.00464431520948,0.252449070595375,1.9351791248472,-0.0168570813222405,-0.537986960979124,-0.397748660053672,0.468763557287213,1.08262421481204,-0.160434799971182,-1.26633226709331,-0.397255964437374,-0.323811074818055,-2.03526878073644,0.0738299901034641,1.41782655569183,1.11873286394397,0.018278753159207,0.0566271959153614,-0.518958515677501,0.135421562838844,-1.76791790501051,-0.078606067788561,1.83757632473122,1.5345823122026,"Class2"
-0.155075419557169,-0.503935280633835,-0.4892037834328,-0.970190023726323,-1.27263726007998,1.05246078282262,-0.0633135951128978,0.480551895754539,0.0143557001870351,-1.09475861516235,0.714768246070529,-0.057391487528118,-0.473532164739813,-2.8450781324363,1.67935124060371,1.15591745211161,1.67503931151304,1.42435777416982,0.862393447650234,-0.83857122085746,-0.641920728732177,0.324032273940363,0.094384695655509,-0.517890955738045,-0.490299695113258,-1.29194132796346,0.263790627309071,-0.126806845102933,0.109586414740418,-0.515344293423711,-0.67343002483468,-0.207378573512106,0.390279474565205,-0.342460754304105,0.2305322014179,-0.257163088285285,0.51510367190136,0.875817793098426,-0.966208906301712,-0.524980321910001,0.741773131680621,-0.299216023276693,-1.40568693194391,-1.15572371795749,0.67507267068149,-0.101650545454528,-0.664005913717882,0.170481285113245,-1.39496593528087,0.0467126363339348,"Class2"
1.39900069311456,1.39054735024942,-0.871069910336195,-0.285674614493654,-0.870354068660052,-0.0300876496940469,-0.356733616359383,-0.236914231836452,-1.49722496823523,-1.36186402610692,-1.14152210504373,-0.894154971640597,0.161672306746761,-0.914968713681911,-0.920868354144665,1.41754629810161,0.912412415342715,0.482792307543472,-0.634487275542342,-0.48211401322115,0.256379326619114,-0.431866122238506,-0.651934580410796,-0.771890887745581,1.6549335039663,0.336273389792112,-0.0907548630217684,0.399668923294387,0.437775533672678,-0.21940691788524,1.82890934256717,-0.494956638637616,-1.48779825945222,0.405102166223867,-0.0230837743687184,-0.952864797842136,-0.713507062590351,-2.22189897835704,0.279056322131097,0.401132973802919,-2.0053018511852,0.705396287874865,-0.619865318759607,-1.85012746262105,0.346635727311929,1.08987314988243,0.708365234581598,0.143111927800093,-0.172198884196486,-1.53645887686338,"Class1"
1.29488839338511,0.46665306603912,-0.638023043428102,-0.584784914935294,1.17897772872226,0.479813948725286,-0.563663171346269,-1.62750798600994,-0.715964588466323,-1.49975259832554,-0.79161448304785,0.990516825937314,0.152835774170898,0.356579453444948,-1.54800344816032,-0.180420141183336,0.0597782966642054,1.49190506112452,1.59751802660804,1.28716597156622,-1.66692562777168,-0.0584439915032092,-1.17642661940157,2.35544252138424,0.074115131791528,-0.937569018917657,-2.0086174148767,-0.575598687806388,0.0698809089786564,-0.629234673540389,0.54912735094204,0.150078204359045,-0.211775340008379,0.982531555382732,-0.274884564819377,-0.642285759111836,-1.48209042003032,0.222453844631515,-1.03873368572907,-0.547189918133592,0.760965615800058,0.562313680684301,-0.690409727850691,-0.965766967752932,0.550416136650756,0.388195370728946,-0.964148124231648,0.120239800597633,-1.8247326246114,0.157239514779901,"Class1"
-0.477820631643817,0.822639196954047,-0.910452642636916,1.24822941370438,-0.226611986683758,-0.449013120176019,-1.42069137565871,0.892214431522757,-0.0966853782684211,0.420208418244449,-0.493629220399971,0.126740096285152,0.832233736497137,0.474969914475141,-1.78234065281827,1.01016583958658,0.354037123821684,0.11192772397605,-0.241294189230877,0.461397847040287,1.28889260864411,0.231275869174601,-1.66431691835041,-0.823964349976167,0.958800630105909,1.03453428050626,-0.244269229665705,-1.35182725223003,-1.54539630111679,-0.720868751133448,0.24065092779561,0.587633663656304,0.285786761741187,-0.149125070067735,1.67494932511617,-1.69006280193133,-0.679286395811161,-0.48573016366956,-0.190460705903993,1.90627535071956,1.52594567285769,1.67185206039268,-0.0267859973565859,1.05879540478502,-1.5216540124103,-0.53564099660791,0.434278922916653,0.235352054727596,-0.376576360055446,1.16161501212087,"Class1"
0.969687622229926,0.323128578823476,0.151746242534379,-1.12413263192742,-0.0231899828674741,1.10569871948848,-0.793776417944339,-1.00103194538256,0.808167068218058,0.695014015509302,0.379786646913272,-0.352252484630273,0.284923286296314,1.91787405135128,0.549722382192842,-0.840709422200803,-0.168055609906827,1.28166360115015,-0.978302239589527,-0.221156410165385,1.311243017976,-0.784743703368399,-0.492185084384356,0.603863866056681,0.493496549184279,0.350876583039841,0.464062439624833,0.662810267942324,0.0203297231591764,0.870077652220698,1.724253079484,1.17435838321936,0.309032058977808,-1.77979731258686,1.64675671360262,0.000884188418292007,-0.869423791247319,-0.471996470096166,-0.812709790227489,-1.27719413454329,0.393856800451705,0.385424512344577,-2.75337218457629,-1.13891579179827,-0.0480022032845808,1.38987508358021,0.685542908120038,0.185643966297481,1.42526728710479,0.0056174506372285,"Class1"
1.65469410479496,1.41864051954062,1.20440752053305,-0.0334595047003196,0.614634288883458,0.72881089646243,-0.870861582904244,1.74767984231837,1.59707764150338,1.0362401128394,-0.739558202873284,1.02372117548888,-0.346176019337691,0.0574151543003103,-0.0483653268664807,0.012884265906777,-0.327715667248486,0.0175715578764577,-0.349072659786625,0.366619727251112,1.08031426869887,-0.501982827459692,1.49824745825456,-0.125349455419387,1.47762073636268,-0.440096503255962,0.688862666035497,-0.0303690498964775,1.22674703529097,-0.401593402621558,-1.01441873147296,-1.54630793907852,-0.630779787348309,-0.510050205749006,-0.851933726832333,0.83283621072392,-1.0009808494661,-1.11070147227314,0.686486900786581,-0.186171816339782,-2.88534310121136,0.459002017950427,0.649669523923068,-0.115156882030562,0.193394513818498,-1.10710058503557,-0.581399572501962,0.601109785613371,-0.281808705340904,0.677506858669279,"Class1"
-0.310883095539339,-0.823134986898958,-1.46093815675712,-0.252906989187168,0.839400273923955,-0.66398677286483,0.899919212422267,1.42719244497086,-0.48340637307893,-1.12932531607779,1.18189095849075,-0.692700090541589,-0.873504608947004,0.435712629745261,0.759829403747866,2.36996006538542,-1.68666814094129,-0.58906807506044,-0.642236409929969,-1.25423922194025,0.0135291927637223,-0.979646270179967,-0.653154995363412,-0.888511504543108,-0.0637864723441542,-0.393338254154853,0.33636696165984,-0.221391414969405,1.25296659529876,1.872071737362,0.523696464610317,0.13448336471694,1.65826042704945,1.61444729641496,-0.48745655961609,-0.200468360854725,-0.139619817370901,0.266067915708152,0.479420537186235,1.0031790186741,0.503681145683058,-0.3723427831837,0.682690321392268,0.717163161829869,-0.963071677241432,-0.845648234770627,0.301258194041774,-1.5876911702194,0.941861235647567,0.111108250034854,"Class1"
0.727498870496127,-1.20011749032178,0.331111585425437,0.211311162905915,-1.14879074340478,1.48639477696762,0.928463979178978,0.75016789768074,1.45214914574811,-1.05733298642739,-0.924649827892246,1.04684489075706,0.573913920534884,0.0670389847664042,-0.12675658628382,0.141040168858226,0.463703155651431,-1.21316293924947,-0.502516505496345,1.12502320745905,1.26013256503309,-1.22772830290751,-0.72687048702697,-1.24086606067297,-2.40620472139432,0.757919513083256,0.76599299238686,-1.45824427219133,-0.538200113067975,0.345788788226207,-1.13997919825924,-0.308011751096624,1.63353808830845,-0.257253811342459,-0.122601573583178,-0.40390812037928,0.81274735002246,0.175788719597311,0.827882110493807,-0.661492081787015,-0.472588511155483,0.271816487267238,-1.04733510202511,-2.76663539400412,0.489597203675522,-0.442350004517605,0.622740004510695,0.546253141000664,1.01498188905891,0.462478216120202,"Class2"
-0.440431262934582,1.35745706913682,1.5975349323834,0.528373876402392,1.13239315134456,0.404395037021165,-1.3476485347334,0.814357866461852,1.50605904808993,1.64891958253238,0.385087887776293,-0.768003574295756,-0.066674321363242,-0.46539344158481,0.391771700308589,-0.155519282108451,1.76175234994233,-0.620821949216125,-0.0172288550510611,-1.78516601676931,0.586151991948111,-0.370184435231173,2.49679030480327,-1.33402163267782,0.712466948556839,-1.01820396060332,0.2333232686043,-0.929567838702159,1.38587633976839,1.19923068746271,-0.583636645635718,0.917565161339761,0.576407696903312,0.959120362502939,-1.17979603540875,0.47731819770281,-0.0818973482303009,0.471846461726391,0.392014925426069,-0.229433286217231,0.065129419515807,1.0755631101741,-0.0473901215454628,0.374254159125867,0.948171966803862,0.285495909885529,-0.467150185047804,1.36631340797134,0.521969012769475,0.617009026216173,"Class1"
-0.719379196060171,-0.0519920637178213,-0.222253645312905,1.64067095164354,1.45239292305838,-1.78424519631896,-0.0139041028558996,-0.0839368545931859,1.30834137748926,-0.277622704165883,0.317038693731574,0.356473116201714,0.158734615338764,0.70614276958838,0.227768734942841,-0.438313034201519,1.71301946213692,-0.66690164259332,0.00418499450896001,-0.930866427287765,1.06138685256938,0.0592437316116429,-1.97236219634893,-1.25586891021731,-0.846117606955217,-0.756622796182691,0.410262106013325,0.369483249663373,1.37006907009137,-0.339525680769484,0.458520168867033,2.01544748009354,-0.644188465908624,0.333639488138411,0.409462369381278,1.18923165851243,-2.02957590716115,0.268833397865572,2.11573209124618,0.389091729516182,-0.744926641663176,1.59490749280042,-0.234736169168787,0.0923879738210514,-0.814252530332412,-0.0145109813458274,0.235028120326754,-0.568364089341586,-0.434516823616427,-0.134241757987841,"Class1"
0.894072140765155,1.32289918887192,-1.38857072503578,-0.934490052419471,0.274428418407155,0.224583538640296,0.279274921427977,1.27169177854936,0.0237509960103415,-0.965518426161068,-0.801389392873923,0.81210363137203,1.00478013430202,0.436258636115219,0.0328820601856862,0.936070607550628,-0.0674813403661389,0.868165286160852,0.655338171463747,0.657182020841473,0.275064749274799,-1.25584278503195,0.00800515345522973,-1.34121961619276,0.606409985254097,0.320787948070462,-0.0760845152433854,-1.08815162769351,0.722167707158713,-2.34429544468301,-0.665317228746763,-0.0776895165187661,-0.913559319191026,-0.0024236769398506,0.389295158861065,0.839284008929931,1.66243376083295,0.337761558623786,-0.0448321205012764,-1.04560894836444,-0.38032072915445,0.909323105133746,-1.15387092869741,-2.12523281865984,0.232543116661019,0.412259545158141,-1.00459393287378,-0.278665190948827,0.423897632353562,-0.672677733220558,"Class1"
-1.17777561081515,-1.20772000097983,-1.06329370801679,-0.904644785701676,-0.00878496237893485,-0.42381109131707,-0.0486457379359534,-1.1512506497357,0.947061222083569,-0.0194746315221538,-0.211913472797758,-1.21708944298305,1.60053325005279,0.118841842451531,-0.594969654355136,2.28960642992904,-0.324981823886736,0.14026301229381,0.444694651771196,1.10649493553672,0.390294928160384,0.472009849617116,0.500291143279688,0.724043062295134,-0.789433353706494,0.63207361738924,-1.0098545155043,0.386921712292767,1.52767706421096,0.22039343813784,-0.584285176934237,0.331720718286794,-1.24350264450935,-2.43233232594241,1.04796869938258,0.657582554091727,0.9891851960274,0.413105905964213,0.229388617119776,0.979741366945888,0.234352392551228,0.66680332090913,-0.0906630508793819,-0.88728045114745,-1.13670234181876,0.753858898906707,0.323399847930542,-2.31392575432387,1.10269625336349,-1.35995416559382,"Class2"
0.722291338419508,0.885271181763826,-0.407266401508732,1.01371825188457,-1.0357967772742,-1.63526024445856,-0.478267426275235,0.430268272951354,1.00451483889287,0.197619282353255,-0.422450600738044,0.362588244449694,-0.885637680634659,-0.776942152843392,1.23561723577167,0.571951470046594,-0.0561674603029341,-0.529771946561421,0.67291322036907,-1.61892802039261,-2.03151492079291,-0.49178667437698,-0.577824619678472,-0.149336138550123,0.0448945441835982,-1.60911934849826,0.294098030470539,1.14177246474702,0.911831441469844,1.48828673716945,1.46720098632139,0.920787546349922,-0.655489161884306,0.580322033393424,-0.84612217708558,1.2509992524186,2.15175013220312,-0.681477561877784,-1.50523372725638,-1.66714897991331,-1.1519529889029,0.701287946914493,1.55410180357584,-0.536586428814745,0.352751660822671,-0.251502544678961,-0.787924535325561,-2.12644444686439,-0.317318207780891,-0.484019118760251,"Class1"
-1.4804846766331,0.761643049952282,-1.0051638575681,1.13390610047322,-1.6535174806174,-0.0202671590304806,-0.334758802348769,-0.710119135966155,0.608448886673481,-0.507714788259129,1.07229429649366,-0.101924407216796,1.50134268924572,-0.0419179671719863,-0.38404735607937,-0.110861056774661,0.837740769224502,-0.840316595442723,0.0522764720324326,0.585974773887073,-0.445601663917254,0.338967400258461,0.989955122346383,1.96657687014959,-0.391049004275427,0.124777748433773,0.971726696298882,0.842041071663617,0.450133990014026,0.117031517751442,1.5944467140059,1.35741334369572,-1.73485607539563,-0.610413988733642,0.744827745991814,-1.07296310894444,-0.349705493853473,0.874250677905536,-0.311822591687501,-0.260350193425721,0.249630084654779,0.304787004947739,-1.18100688322868,-0.759990240887711,-0.0666208070800512,2.18571973044239,0.126723451949618,1.44649036045175,0.238764721781645,0.700373095023652,"Class1"
-1.0178402763821,1.56816497631381,-1.08625408614989,-1.34386119059955,1.22481957514488,1.5343454714671,-1.82134396585787,-0.140752408783485,0.30357463357216,1.68514337017076,1.62432847848582,0.615591197399602,-0.80562478838355,0.736959868922364,0.657545632995282,2.25674882881848,1.14503882399648,1.95346347122406,-0.852025417563718,0.340685580919319,1.11693577240228,0.195943082171986,0.633214348182509,0.673975117998452,-0.0986358058941399,-1.10613904681347,2.33960901560947,-1.47148287256696,-1.88961442478454,-0.301201389423772,-0.844686320361763,1.05519121444181,0.395168189760562,-0.399468299555463,0.669401013839092,-0.177376116170133,1.82868412020258,0.941694153869643,0.982278580605257,-1.69011008591921,-0.407181832281348,-0.235719288937405,0.697156232619793,-0.603949035821755,0.960635239272643,-2.20738100101244,-0.284334726611711,0.496273139400725,-1.74378015007357,1.97379385157977,"Class1"
-1.3997160333606,0.111011689500982,-0.766686098827347,1.58808373803172,-1.21876514233028,0.626554967458546,1.43489111481006,-1.56756393197478,-0.488262300529197,0.14391463404964,-0.778302021823497,-0.718902812771834,0.235468627335671,0.63744970144,0.169908298735966,-0.635643653554952,0.153367969478823,-0.0737006196012043,0.357722430397029,-0.0153865866397959,0.198026110157588,-0.242457955149868,-0.076131531363248,1.63446564269716,-0.486688913552887,-0.633491352057501,-0.40788199655928,0.0082040226870224,0.602660697610038,0.497988749741259,-0.11813616490287,-2.00208375089262,-1.39312065950138,-0.546467599613688,-0.249169965960675,0.795113847264553,0.0963244447457317,-0.00569998537069131,0.108717931254692,-0.863376216277912,0.490975007837383,0.226253635115461,0.459846037764868,-0.0762370234356348,-0.756009821010768,-1.21316742272109,-0.755265853298808,0.62186912698221,0.124496839088733,0.287033375343379,"Class1"
-1.0397365112882,0.714717909778565,-0.748479920593489,-1.2271939966045,-1.58481018353117,0.0707535168499742,-1.57851822178974,-1.10868420664672,-1.52890210054512,-1.14236867211473,1.04562797197382,-0.0795053400177184,0.195057690512901,-0.461427121738966,1.74014329781149,1.30135836325721,0.808390516055339,-1.24642186424505,0.322371657442112,-0.573571427113744,-1.13085006987465,-1.57559686707026,-1.22737553322193,0.550459509953885,-0.798837972823865,1.14314275023064,0.0505000583824666,-0.110765523524515,0.0234442151003836,0.217807810265401,0.962437235633047,-1.15552391643245,-1.15117698343075,1.5680213409129,-1.21169224515421,-0.691266941648438,-0.47483843468784,-0.333580696621004,1.73725507890457,2.29846433017031,-1.04756589004001,-1.00842409898102,-1.8479897524638,1.01083317963683,0.889937148791641,0.83282584494646,1.64676640876491,0.898601533647325,0.0232595575192373,-1.3127619063688,"Class2"
-1.71501799862138,-0.47299081693777,-1.08916585261347,-1.23994557006016,1.42714707190089,-1.04081501721558,-0.0431519070405751,-1.52483680683442,-1.3251451252782,-0.147396050204074,0.114849832225729,1.25948013510587,-0.263686140178674,-0.638199338028578,0.700713350398353,-0.273173564824271,-0.25004977747054,-0.297641367875353,-0.463690472540018,-0.790660278983143,-0.868764365630392,-1.28090696753776,0.17854390296613,0.874814473112782,0.320858990932303,0.860502921501538,-2.11274463643231,0.799026015888805,-0.841464773178639,-0.891878265266167,-2.03578917621182,-0.355627765444771,0.562548804556721,-1.14375366785486,-0.341511764410994,0.577530684988379,-0.908148320827272,-0.00759541614591316,2.03572292896655,-0.289926891399508,1.12666822995389,-0.206395339701365,-1.30242309218474,-0.106031045401192,-0.409515837497153,0.207495297564658,0.221836007475873,-0.332362001636374,1.82220046960997,0.754647115214438,"Class2"
0.465053359859081,-1.53264697563733,1.9607509359825,1.45669517794898,-0.696707336874716,0.874637790969999,1.07911905763608,1.55635559838391,-1.26147843379517,0.447532773194357,-1.63541548100406,0.153317245548937,1.27179811667789,0.482301793143177,-0.317928794342086,-0.881948187137301,0.236624047989444,0.308744494248255,-0.448739000811134,0.16132053866849,-0.463470903741717,-2.08116503973968,-0.428956893919298,0.516891846785325,-1.01962620378982,-0.225938962532743,-0.762574928899543,0.268685346932601,-0.190947571530293,2.08460777176982,-0.536752336148642,1.71153281077013,0.313156217749144,-2.49171885931241,1.31680879928058,-0.0338841369149211,-1.50181166194343,0.826441500645339,-0.762309074660272,1.9847560996696,0.147010758678799,0.783552139256923,0.856820982815579,-0.645577099450129,-0.0184254047079823,0.30063946335362,1.38865644327843,1.43832052340902,-0.104976807125357,-0.958026942937653,"Class1"
1.33947143262755,1.50774652187656,-0.387457543064021,0.0138656483183011,-1.11945539793277,0.423230592303947,0.283418650071649,-0.534898445877712,-1.49163390174701,-0.916552185854979,-0.514716387504202,0.749963632538254,-0.614675752442188,0.990553577239621,0.00113432058326734,1.38934124325224,0.874567717999492,1.16592270874339,0.979670490237412,1.15755473771163,2.23225512714982,1.23086989724326,-0.961982611662129,-0.305759006348914,-0.135904832790063,-0.898357331411983,1.34219505456457,-1.45082938097234,-0.991681918969486,-0.052915260539402,0.904024284414967,0.0627607532681664,0.979487515439289,0.427178425557957,0.501136501746907,0.885121972065129,0.852939509793074,-0.563399396728404,-1.98641207068722,-0.269084784426908,-2.87981350892861,0.749373608179869,-0.690518079848763,0.827170351789912,0.375457388998809,0.535741511285331,-0.11671922830729,1.10813051774769,1.13419889164033,0.00971549811579978,"Class2"
0.975644533163567,-0.861755367850111,0.258029266741172,-1.20122092803656,-0.347806874408232,1.06151005623483,-0.341735650799873,0.0740807660778464,-0.472219088260856,-1.14094784399912,0.611312929811174,-0.201539532638234,0.597645332613181,0.110914061690666,-0.111674483737595,-1.67081059095327,3.15023407187834,0.10221764281548,1.21588939796772,-1.38825887480547,-0.0847270493861386,-0.231112578605153,0.0162577936010165,0.948684668181649,-0.15042335726408,0.232120066847409,-0.218636579195565,-0.464777768899883,1.10266851464517,-1.52175513034348,0.324009601987617,0.0163018898489891,0.398970216188536,0.627655421119316,0.390259267518907,-1.90303592283185,1.09523892680908,0.698633621954957,1.16478072352719,-0.582916502419629,-0.789341617121182,-0.278609601652374,-1.144289455089,1.22213488556065,1.38123447068585,-0.455034773959954,-0.72636124800612,-0.680004459129957,0.411573641347707,0.546628988976592,"Class2"
1.04438592234826,0.268936539307785,0.884061857952513,-0.533787526481072,-0.149048083239775,0.411095387216691,0.143186885304406,0.447012471144768,-1.15622309052417,0.956892202486511,0.318907248835321,-0.938344588404016,-0.0214386217235606,-0.300867604225607,-2.02050176772734,-0.158501305784943,-0.275020421464032,0.330243545779784,0.0351675245840824,-0.974305050529129,-0.553008438908209,1.71829270150093,0.419997532169701,0.0670962156033539,-0.47135267585039,1.38940332977509,0.614015795022372,1.02491352725144,-0.211436859255753,-1.31395986167373,-0.394503053874419,0.0223825404216524,-0.119693339024226,-0.233771980790808,-2.61371066083692,0.204347829253758,0.954950239512529,0.579307264293023,1.89454226651338,-0.557496870477324,-0.0931244048349737,0.306428135003991,1.50329415114964,-0.122723928877005,-0.394560118931094,-0.575493516824361,-0.366025318677409,0.262619915194292,1.51267399533792,0.662306582653921,"Class1"
-0.233842203929349,-1.49774298504051,-1.20485406726243,0.540996943768771,-0.233006521505401,-0.192856056365655,0.967618829055426,-0.901517655887578,0.342494715254955,0.497005999409172,-2.07499748783692,-0.0101892355617158,-0.865114934538176,-0.838763840191402,1.65844005052436,0.169778657946738,-0.844550286165279,-1.00381656946145,-0.452760860261142,1.56517712826985,-2.01061806664509,-1.16057035089502,-0.20108160863439,1.05302516983667,1.78800525632668,0.773782587577942,0.71370945887467,0.829284419589333,-1.3113470722387,0.803962288162086,-1.13147878980435,0.486034035471659,0.342733186004703,-0.272172209754955,-0.108652625209638,0.872809927455888,0.541522641166702,-1.99175275211599,1.05286207975077,0.684368966383753,0.425367857889615,-0.343196735208146,-0.356326195667615,1.05702425315563,0.745306219901854,0.0744918777004886,0.106709942486654,0.460088489290946,0.300509672017551,0.350943595742315,"Class1"
-0.402724657463013,1.18843156884731,-1.13405995635613,-0.659820075377839,0.0397241272512356,-0.138343107043723,-1.26179846877846,0.0677317326928893,-1.41516115250507,-0.657942742536248,0.721569755538767,-1.11659966029936,1.10681254862184,-0.401354039048567,1.04320539858673,-0.294438610188005,0.188481138937879,1.12349115490333,1.51623080588483,-1.12257903225755,-1.81861936303653,1.33258790863586,0.674080460013985,-0.681521836168618,-1.63902417397137,0.314678943400973,-0.921888947705785,1.73990890856616,0.0851814589308152,1.78477066435298,0.771546283856625,1.12579850490024,-1.44644907959039,1.40397074638174,0.408222430138545,0.416960750279464,0.148270365650003,-0.715185580817578,-0.185938131610824,-0.969444921603501,0.645859803349635,-0.931271545476712,0.249490422758308,0.0182837639556002,-1.53140307398521,-0.368085556270025,2.01095768755997,-1.59133458747023,-1.00823634253866,-0.154949260645314,"Class1"
1.09506674830472,-0.733980965934546,-1.37967178850613,-0.522500882117684,1.12183829788623,-0.550695405960952,1.61830201718458,1.07715701087718,-1.50281248736083,-0.954590770908182,0.790713757540794,-2.36613830842971,-1.92805251765572,-1.40955996616912,-0.73447893109145,-1.50680206582654,-0.6012847362822,0.316396832351913,-1.27269925405721,-2.46288322943274,1.3265642962251,0.988217117051269,-2.49464602080307,1.02505983586843,0.164107876538108,0.0188150080946419,0.0542997308463024,-1.11773350935399,-1.27107600925264,1.48199606752469,1.45328093293882,0.874486238109271,0.0414087981454958,-2.01660881612667,-1.10276977153444,1.27759183115935,0.119803919883555,-1.25458672153612,0.238099318114702,0.855956947241992,1.5612119418628,-0.278609137210849,-0.182920136495239,-0.266342946437549,-0.999791618215339,0.474033101537388,-0.216056850046199,0.0454551991349496,-0.580877901722363,-0.594189348059335,"Class1"
0.325452854905169,0.976318963246627,1.773089555334,-1.22539023776314,-1.47824388162857,-0.297921844650669,-0.164676638240788,-0.515707826569758,-1.02246961609987,-0.712128513827658,-0.0970814391832383,1.06522041894435,-0.492694625774529,-0.664938519016553,0.381005197435667,-0.496298190345,0.364191804413831,1.05458812676148,-0.953199787117265,0.0344388517087494,-0.760885575678411,-0.567876338300291,0.570062251342922,-0.220511584434515,-1.01259408287143,0.91318469716498,0.273809495340091,-0.802639131017406,-1.30995313174921,0.189758532650076,-2.3766696608235,-2.28630300012085,0.113835385040923,-1.03691125974567,-0.533623709537088,-0.188029195285363,1.75678903210861,0.999499334857627,0.473479976099288,-0.773719921906342,-0.486065852650921,-1.88674641371011,0.986601095077459,-1.026572862732,-0.00912303258448505,-1.31276273887289,1.10001817302898,0.366770248119655,-0.681026874435657,1.1054464639187,"Class1"
